id	layer	check	verdict	subject	evidence	autofix	action
C1-82a580	conservation	C1	IDENTISCH	161 source artefacts	all present in fsh-generated, matched by id or canonical url (source: fsh-generated/resources)	-	-
C2-91d858	conservation	C2	IDENTISCH	output/de (161 artefacts)	every generated resource is rendered and listed in artifacts.html	-	-
C2-8610e3	conservation	C2	IDENTISCH	output/en (161 artefacts)	every generated resource is rendered and listed in artifacts.html	-	-
C3-27c9cb	conservation	C3	IDENTISCH	capability.md	migrated -> input/pagecontent/capability-statements.md (input/pagecontent/capability-statements.md)	-	-
C3-8dfe4d	conservation	C3	IDENTISCH	clinical-genetic-diagnosis-guide.md	migrated -> input/pagecontent/clinical-genetic-diagnosis-guide.md (input/pagecontent/clinical-genetic-diagnosis-guide.md)	-	-
C3-4eba96	conservation	C3	IDENTISCH	coding-best-practices.md	migrated -> input/pagecontent/coding-best-practices.md (input/pagecontent/coding-best-practices.md)	-	-
C3-f8ce8b	conservation	C3	IDENTISCH	context.md	migrated -> input/pagecontent/implementer-guidance.md (input/pagecontent/implementer-guidance.md)	-	-
C3-2f0945	conservation	C3	IDENTISCH	datasets.md	migrated -> input/pagecontent/logical-models.md (input/pagecontent/logical-models.md)	-	-
C3-2e311d	conservation	C3	IDENTISCH	index.md	migrated -> input/pagecontent/index.md (input/pagecontent/index.md)	-	-
C3-5d3247	conservation	C3	IDENTISCH	information-model.md	migrated -> input/pagecontent/uml-diagrams.md (input/pagecontent/uml-diagrams.md)	-	-
C3-30d719	conservation	C3	IDENTISCH	marfan-example-annotations.md	migrated -> input/pagecontent/marfan-example-annotations.md (input/pagecontent/marfan-example-annotations.md)	-	-
C3-510bd2	conservation	C3	IDENTISCH	module-description.md	migrated -> input/pagecontent/index.md (input/pagecontent/index.md)	-	-
C3-f1c53e	conservation	C3	IDENTISCH	profiles-overview.md	migrated -> input/pagecontent/profiles.md (input/pagecontent/profiles.md)	-	-
C3-e7de52	conservation	C3	IDENTISCH	references.md	migrated -> input/pagecontent/implementer-guidance.md (input/pagecontent/implementer-guidance.md)	-	-
C3-f51d67	conservation	C3	IDENTISCH	release-notes.md	migrated -> input/pagecontent/changes.md (input/pagecontent/changes.md)	-	-
C3-c52ade	conservation	C3	IDENTISCH	scenarios.md	migrated -> input/pagecontent/guidance.md (input/pagecontent/guidance.md)	-	-
C3-0877c3	conservation	C3	IDENTISCH	sma-example-annotations.md	migrated -> input/pagecontent/sma-example-annotations.md (input/pagecontent/sma-example-annotations.md)	-	-
C3-19d52e	conservation	C3	IDENTISCH	terminology.md	migrated -> input/pagecontent/code-systems.md (input/pagecontent/code-systems.md)	-	-
C3-59e1bd	conservation	C3	IDENTISCH	Beschreibung-von-Szenarien-fuer-die-Anwendung-des-Moduls-SE.page.md	retired: superseded: als scenarios.md portiert (PR #41)	-	-
C3-2af9a7	conservation	C3	IDENTISCH	Datensaetze-inkl.-Beschreibungen.page.md	retired: superseded: als datasets.md portiert (PR #41; {{tree:LogicalModel}}-Direktive entfaellt, LM disabled)	-	-
C3-38310d	conservation	C3	IDENTISCH	Anwendungsfaelle-Informationsmodell/Index.page.md	retired: Seite ist in der Quelle absichtlich leer ('Diese Seite wurde absichtlich leer gelassen.')	-	-
C3-fcd593	conservation	C3	IDENTISCH	UML.page.md	retired: superseded: als information-model.md portiert (PR #41; Bild lokal in input/images)	-	-
C3-694099	conservation	C3	IDENTISCH	Beschreibung-Modul.page.md	retired: superseded: als module-description.md portiert (PR #41)	-	-
C3-7ed57c	conservation	C3	IDENTISCH	MIIIGModulSeltene/Index.page.md	retired: superseded: identischer Inhalt als index.md portiert (PR #41)	-	-
C3-9e7133	conservation	C3	IDENTISCH	Kontext-im-Gesamtprojekt-Bezuege-zu-anderen-Modulen.page.md	retired: superseded: als context.md portiert (PR #41)	-	-
C3-b75bba	conservation	C3	IDENTISCH	Referenzen.page.md	retired: superseded: als references.md portiert (PR #41)	-	-
C3-126e79	conservation	C3	IDENTISCH	Release-Notes.page.md	retired: superseded: als release-notes.md portiert (PR #41)	-	-
C3-32eff4	conservation	C3	IDENTISCH	CapabilityStatement.page.md	retired: superseded: als capability.md portiert (PR #41)	-	-
C3-9c8723	conservation	C3	IDENTISCH	Diagnose/Index.page.md	migrated -> input/pagecontent/profiles.md (input/pagecontent/profiles.md)	-	-
C3-625bd5	conservation	C3	IDENTISCH	SE-Diagnose-genetisch-Condition.page.md	migrated -> input/intro-notes/StructureDefinition-mii-pr-seltene-genetic-diagnosis-intro.md (input/intro-notes/StructureDefinition-mii-pr-seltene-genetic-diagnosis-intro.md)	-	-
C3-3757bc	conservation	C3	IDENTISCH	SE-Diagnose-klinisch-Condition.page.md	migrated -> input/intro-notes/StructureDefinition-mii-pr-seltene-clinical-diagnosis-intro.md (input/intro-notes/StructureDefinition-mii-pr-seltene-clinical-diagnosis-intro.md)	-	-
C3-1a9292	conservation	C3	IDENTISCH	HPO-Phaenotypisierung-Observation.page.md	migrated -> input/intro-notes/StructureDefinition-mii-pr-seltene-hpo-assessment-intro.md (input/intro-notes/StructureDefinition-mii-pr-seltene-hpo-assessment-intro.md)	-	-
C3-06b51b	conservation	C3	IDENTISCH	AnamneseUndDiagnostik/Index.page.md	migrated -> input/pagecontent/profiles.md (input/pagecontent/profiles.md)	-	-
C3-a4ae6c	conservation	C3	IDENTISCH	Symptom-Condition.page.md	migrated -> input/intro-notes/StructureDefinition-mii-pr-seltene-symptom-condition-intro.md (input/intro-notes/StructureDefinition-mii-pr-seltene-symptom-condition-intro.md)	-	-
C3-19bb6a	conservation	C3	IDENTISCH	Untersuchung-ClinicalImpression.page.md	migrated -> input/intro-notes/StructureDefinition-mii-pr-seltene-clinical-impression-intro.md (input/intro-notes/StructureDefinition-mii-pr-seltene-clinical-impression-intro.md)	-	-
C3-73ab09	conservation	C3	IDENTISCH	Beispiele-fuer-Seltene-Erkrankungen/Index.page.md	migrated -> input/pagecontent/examples.md (input/pagecontent/examples.md)	-	-
C3-79f66f	conservation	C3	IDENTISCH	Marfan-Syndrom.page.md	retired: superseded: als marfan-example-annotations.md portiert (PR #41); Case-Diagramm wird aus Images/ nach input/images restauriert	-	-
C3-04acce	conservation	C3	IDENTISCH	Spinale-Muskelatrophie-SMA.page.md	retired: superseded: als sma-example-annotations.md portiert (PR #41); Case-Diagramm wird aus Images/ nach input/images restauriert	-	-
C3-3a3333	conservation	C3	IDENTISCH	Familienanamnese-FamilyMemberHistory.page.md	migrated -> input/intro-notes/StructureDefinition-mii-pr-seltene-familienanamnese-intro.md (input/intro-notes/StructureDefinition-mii-pr-seltene-familienanamnese-intro.md)	-	-
C3-f9c5ea	conservation	C3	IDENTISCH	Familienanamnese/Index.page.md	migrated -> input/pagecontent/profiles.md (input/pagecontent/profiles.md)	-	-
C3-880292	conservation	C3	IDENTISCH	FHIR-Profile/Index.page.md	retired: superseded: identischer Text als profiles-overview.md portiert (PR #41)	-	-
C3-891266	conservation	C3	IDENTISCH	Blutgruppe-Observation.page.md	migrated -> input/intro-notes/StructureDefinition-mii-pr-seltene-blutgruppe-intro.md (input/intro-notes/StructureDefinition-mii-pr-seltene-blutgruppe-intro.md)	-	-
C3-687e46	conservation	C3	IDENTISCH	Body-Mass-Index-Observation.page.md	migrated -> input/intro-notes/StructureDefinition-mii-pr-seltene-bodymassindex-intro.md (input/intro-notes/StructureDefinition-mii-pr-seltene-bodymassindex-intro.md)	-	-
C3-08c0e5	conservation	C3	IDENTISCH	Hueftumfang-Observation.page.md	migrated -> input/intro-notes/StructureDefinition-mii-pr-seltene-hueftumfang-intro.md (input/intro-notes/StructureDefinition-mii-pr-seltene-hueftumfang-intro.md)	-	-
C3-eaa29b	conservation	C3	IDENTISCH	Messbefunde/Index.page.md	migrated -> input/pagecontent/profiles.md (input/pagecontent/profiles.md)	-	-
C3-1541db	conservation	C3	IDENTISCH	Kopfumfang-Observation.page.md	migrated -> input/intro-notes/StructureDefinition-mii-pr-seltene-kopfumfang-intro.md (input/intro-notes/StructureDefinition-mii-pr-seltene-kopfumfang-intro.md)	-	-
C3-84a77c	conservation	C3	IDENTISCH	Taillenumfang-Observation.page.md	migrated -> input/intro-notes/StructureDefinition-mii-pr-seltene-taillenumfang-intro.md (input/intro-notes/StructureDefinition-mii-pr-seltene-taillenumfang-intro.md)	-	-
C3-9e7397	conservation	C3	IDENTISCH	Waist-to-Hip-Ratio.page.md	retired: Profil mii-pr-seltene-waist-to-hip-ratio ist in der Quelle vollstaendig auskommentiert (/* */) und nicht im Build - Seite dokumentiert ein nicht implementiertes Profil ('bisher nicht implementiert')	-	-
C3-bd9231	conservation	C3	IDENTISCH	TherapieUndForschung/Index.page.md	migrated -> input/pagecontent/profiles.md (input/pagecontent/profiles.md)	-	-
C3-90969d	conservation	C3	IDENTISCH	Studie/Index.page.md	migrated -> input/pagecontent/profiles.md (input/pagecontent/profiles.md)	-	-
C3-2cd27b	conservation	C3	IDENTISCH	Studieneinschluss-Anfrage.page.md	migrated -> input/intro-notes/StructureDefinition-mii-pr-seltene-studieneinschluss-anfrage-intro.md (input/intro-notes/StructureDefinition-mii-pr-seltene-studieneinschluss-anfrage-intro.md)	-	-
C3-3437bb	conservation	C3	IDENTISCH	Therapie/Index.page.md	migrated -> input/pagecontent/profiles.md (input/pagecontent/profiles.md)	-	-
C3-225837	conservation	C3	IDENTISCH	Therapie-Durchgefuehrt-NARSE.page.md	migrated -> input/intro-notes/StructureDefinition-mii-pr-seltene-therapie-durchgefuehrt-intro.md (input/intro-notes/StructureDefinition-mii-pr-seltene-therapie-durchgefuehrt-intro.md)	-	-
C3-0caa7e	conservation	C3	IDENTISCH	Therapieempfehlung-Kombination.page.md	migrated -> input/intro-notes/StructureDefinition-mii-pr-seltene-therapieempfehlung-kombination-intro.md (input/intro-notes/StructureDefinition-mii-pr-seltene-therapieempfehlung-kombination-intro.md)	-	-
C3-9464ad	conservation	C3	IDENTISCH	Therapieempfehlung-Medikamentoes.page.md	migrated -> input/intro-notes/StructureDefinition-mii-pr-seltene-therapieempfehlung-intro.md (input/intro-notes/StructureDefinition-mii-pr-seltene-therapieempfehlung-intro.md)	-	-
C3-1b4bdf	conservation	C3	IDENTISCH	Therapieempfehlung-Nicht-Medikamentoes.page.md	migrated -> input/intro-notes/StructureDefinition-mii-pr-seltene-therapieempfehlung-nicht-medikamentoes-intro.md (input/intro-notes/StructureDefinition-mii-pr-seltene-therapieempfehlung-nicht-medikamentoes-intro.md)	-	-
C3-e581c1	conservation	C3	IDENTISCH	Therapieplan.page.md	migrated -> input/intro-notes/StructureDefinition-mii-pr-seltene-therapieplan-intro.md (input/intro-notes/StructureDefinition-mii-pr-seltene-therapieplan-intro.md)	-	-
C3-c1cd9c	conservation	C3	IDENTISCH	Technische-Implementierung/Index.page.md	migrated -> input/pagecontent/implementer-guidance.md (input/pagecontent/implementer-guidance.md)	-	-
C3-d04b32	conservation	C3	IDENTISCH	Terminologien.page.md	retired: superseded: als terminology.md portiert (PR #41)	-	-
C4-81a830	conservation	C4	IDENTISCH	AnamneseUndDiagnostik/Index.page.md	all 7 prose runs present in the target's de corpus	-	-
C4-518fef	conservation	C4	NICHT PRUEFBAR	Anwendungsfaelle-Informationsmodell/Index.page.md	the source page carries NO prose -- 0 generated table row(s) only	-	conservation of a generated view is not a text question; confirm the artefact page replaces it (R1)
C4-eb2ef1	conservation	C4	DIVERGIERT	Beispiele-fuer-Seltene-Erkrankungen/Index.page.md	2 of 9 PROSE runs of the source page are in no target page (first: - Klinische und genetische Diagnosestellung - HPO-basierte P…)	-	map the missing text to a target page section, or record the loss in the report's content map
C4-c0b4eb	conservation	C4	DIVERGIERT	Beschreibung-Modul.page.md	1 of 29 PROSE runs of the source page are in no target page (first: * An den *Klinischen Arbeitsplätzen*, wo sie als Teil der *V…)	-	map the missing text to a target page section, or record the loss in the report's content map
C4-6d4425	conservation	C4	DIVERGIERT	Beschreibung-von-Szenarien-fuer-die-Anwendung-des-Moduls-SE.page.md	2 of 52 PROSE runs of the source page are in no target page (first: Im vorliegenden IG wird daraus abgeleitet, nach europäischem…)	-	map the missing text to a target page section, or record the loss in the report's content map
C4-31a3e9	conservation	C4	NICHT PRUEFBAR	Blutgruppe-Observation.page.md	the source page embeds an element-tree rendering (7 occurrences of the renderer's marker); 2 of 10 runs are in no target page, but prose and rendered view cannot be told apart in it	-	read the page against its target: migration replaces the VIEW with the artefact page (R1), so only its prose has to be conserved -- and only a human can say which is which here
C4-9c11f5	conservation	C4	NICHT PRUEFBAR	Body-Mass-Index-Observation.page.md	the source page embeds an element-tree rendering (7 occurrences of the renderer's marker); 2 of 12 runs are in no target page, but prose and rendered view cannot be told apart in it	-	read the page against its target: migration replaces the VIEW with the artefact page (R1), so only its prose has to be conserved -- and only a human can say which is which here
C4-196ae3	conservation	C4	DIVERGIERT	CapabilityStatement.page.md	4 of 10 PROSE runs of the source page are in no target page (first: [Link Simplifier Profil Übersicht]( Es beschreibt die verpfl…)	-	map the missing text to a target page section, or record the loss in the report's content map
C4-670243	conservation	C4	IDENTISCH	Datensaetze-inkl.-Beschreibungen.page.md	all 4 prose runs present in the target's de corpus	-	-
C4-183b90	conservation	C4	IDENTISCH	Diagnose/Index.page.md	all 6 prose runs present in the target's de corpus	-	-
C4-49d110	conservation	C4	DIVERGIERT	FHIR-Profile/Index.page.md	3 of 9 PROSE runs of the source page are in no target page (first: Insbesondere sei hier die International Patient Summary herv…)	-	map the missing text to a target page section, or record the loss in the report's content map
C4-018a5a	conservation	C4	NICHT PRUEFBAR	Familienanamnese-FamilyMemberHistory.page.md	the source page embeds an element-tree rendering (7 occurrences of the renderer's marker); 4 of 31 runs are in no target page, but prose and rendered view cannot be told apart in it	-	read the page against its target: migration replaces the VIEW with the artefact page (R1), so only its prose has to be conserved -- and only a human can say which is which here
C4-26ee13	conservation	C4	IDENTISCH	Familienanamnese/Index.page.md	all 6 prose runs present in the target's de corpus	-	-
C4-4bbe54	conservation	C4	NICHT PRUEFBAR	HPO-Phaenotypisierung-Observation.page.md	the source page embeds an element-tree rendering (13 occurrences of the renderer's marker); 2 of 33 runs are in no target page, but prose and rendered view cannot be told apart in it	-	read the page against its target: migration replaces the VIEW with the artefact page (R1), so only its prose has to be conserved -- and only a human can say which is which here
C4-135e31	conservation	C4	NICHT PRUEFBAR	Hueftumfang-Observation.page.md	the source page embeds an element-tree rendering (7 occurrences of the renderer's marker); 2 of 18 runs are in no target page, but prose and rendered view cannot be told apart in it	-	read the page against its target: migration replaces the VIEW with the artefact page (R1), so only its prose has to be conserved -- and only a human can say which is which here
C4-b7b687	conservation	C4	DIVERGIERT	Kontext-im-Gesamtprojekt-Bezuege-zu-anderen-Modulen.page.md	4 of 28 PROSE runs of the source page are in no target page (first: Wie auf der UML-Seite gezeigt, ist das mit folgenden anderen…)	-	map the missing text to a target page section, or record the loss in the report's content map
C4-0bba22	conservation	C4	NICHT PRUEFBAR	Kopfumfang-Observation.page.md	the source page embeds an element-tree rendering (7 occurrences of the renderer's marker); 2 of 15 runs are in no target page, but prose and rendered view cannot be told apart in it	-	read the page against its target: migration replaces the VIEW with the artefact page (R1), so only its prose has to be conserved -- and only a human can say which is which here
C4-666923	conservation	C4	DIVERGIERT	MIIIGModulSeltene/Index.page.md	3 of 16 PROSE runs of the source page are in no target page (first: Fragen zu der vorliegenden Publikation können jederzeit unte…); 6 generated table row(s) excluded -- migration replaces that view with the artefact page (R1 checks THAT)	-	map the missing text to a target page section, or record the loss in the report's content map
C4-1b6853	conservation	C4	DIVERGIERT	Marfan-Syndrom.page.md	55 of 97 PROSE runs of the source page are in no target page (first: Erfolgreiche Linsenimplantation - **Einweisungsgrund**:); 50 generated table row(s) excluded -- migration replaces that view with the artefact page (R1 checks THAT)	-	map the missing text to a target page section, or record the loss in the report's content map
C4-8665d3	conservation	C4	IDENTISCH	Messbefunde/Index.page.md	all 8 prose runs present in the target's de corpus	-	-
C4-fe91db	conservation	C4	DIVERGIERT	Referenzen.page.md	6 of 15 PROSE runs of the source page are in no target page (first: * Grundlage des KDS-Moduls Seltene Erkrankungen ist hauptsäc…)	-	map the missing text to a target page section, or record the loss in the report's content map
C4-03ec0a	conservation	C4	DIVERGIERT	Release-Notes.page.md	4 of 9 PROSE runs of the source page are in no target page (first: `2026.0.2`) aktualisiert - `fix` ICU-Kopfumfang-Alias auf um…)	-	map the missing text to a target page section, or record the loss in the report's content map
C4-946fd6	conservation	C4	NICHT PRUEFBAR	SE-Diagnose-genetisch-Condition.page.md	the source page embeds an element-tree rendering (7 occurrences of the renderer's marker); 2 of 12 runs are in no target page, but prose and rendered view cannot be told apart in it	-	read the page against its target: migration replaces the VIEW with the artefact page (R1), so only its prose has to be conserved -- and only a human can say which is which here
C4-339439	conservation	C4	NICHT PRUEFBAR	SE-Diagnose-klinisch-Condition.page.md	the source page embeds an element-tree rendering (7 occurrences of the renderer's marker); 2 of 12 runs are in no target page, but prose and rendered view cannot be told apart in it	-	read the page against its target: migration replaces the VIEW with the artefact page (R1), so only its prose has to be conserved -- and only a human can say which is which here
C4-1a4a8e	conservation	C4	DIVERGIERT	Spinale-Muskelatrophie-SMA.page.md	42 of 61 PROSE runs of the source page are in no target page (first: Spezialisiertes SMA-Zentrum - **Untersuchungsmaterial**:); 47 generated table row(s) excluded -- migration replaces that view with the artefact page (R1 checks THAT)	-	map the missing text to a target page section, or record the loss in the report's content map
C4-d99a3d	conservation	C4	DIVERGIERT	Studie/Index.page.md	4 of 9 PROSE runs of the source page are in no target page (first: > **Hinweis:** Detaillierte Informationen zu medizinischen F…)	-	map the missing text to a target page section, or record the loss in the report's content map
C4-b98dee	conservation	C4	NICHT PRUEFBAR	Studieneinschluss-Anfrage.page.md	the source page embeds an element-tree rendering (7 occurrences of the renderer's marker); 2 of 10 runs are in no target page, but prose and rendered view cannot be told apart in it	-	read the page against its target: migration replaces the VIEW with the artefact page (R1), so only its prose has to be conserved -- and only a human can say which is which here
C4-9099bf	conservation	C4	NICHT PRUEFBAR	Symptom-Condition.page.md	the source page embeds an element-tree rendering (7 occurrences of the renderer's marker); 6 of 24 runs are in no target page, but prose and rendered view cannot be told apart in it	-	read the page against its target: migration replaces the VIEW with the artefact page (R1), so only its prose has to be conserved -- and only a human can say which is which here
C4-cc568d	conservation	C4	NICHT PRUEFBAR	Taillenumfang-Observation.page.md	the source page embeds an element-tree rendering (7 occurrences of the renderer's marker); 2 of 14 runs are in no target page, but prose and rendered view cannot be told apart in it	-	read the page against its target: migration replaces the VIEW with the artefact page (R1), so only its prose has to be conserved -- and only a human can say which is which here
C4-2a8dbd	conservation	C4	DIVERGIERT	Technische-Implementierung/Index.page.md	2 of 4 PROSE runs of the source page are in no target page (first: Kodierung nach der **Orphanet Nomenklatur der Seltenen Krank…)	-	map the missing text to a target page section, or record the loss in the report's content map
C4-dcd614	conservation	C4	DIVERGIERT	Terminologien.page.md	9 of 44 PROSE runs of the source page are in no target page (first: ## > **Hinweis zum BfArM Terminologieserver:** Die nachfolge…); 5 generated table row(s) excluded -- migration replaces that view with the artefact page (R1 checks THAT)	-	map the missing text to a target page section, or record the loss in the report's content map
C4-316576	conservation	C4	NICHT PRUEFBAR	Therapie-Durchgefuehrt-NARSE.page.md	the source page embeds an element-tree rendering (9 occurrences of the renderer's marker); 4 of 20 runs are in no target page, but prose and rendered view cannot be told apart in it	-	read the page against its target: migration replaces the VIEW with the artefact page (R1), so only its prose has to be conserved -- and only a human can say which is which here
C4-4b1299	conservation	C4	DIVERGIERT	Therapie/Index.page.md	5 of 20 PROSE runs of the source page are in no target page (first: **Medikamentöse Therapien (MedicationRequest-basiert):** - […)	-	map the missing text to a target page section, or record the loss in the report's content map
C4-204a26	conservation	C4	DIVERGIERT	TherapieUndForschung/Index.page.md	1 of 5 PROSE runs of the source page are in no target page (first: - Strukturierte Therapiepläne und -empfehlungen - Dokumentat…)	-	map the missing text to a target page section, or record the loss in the report's content map
C4-d9ffdf	conservation	C4	NICHT PRUEFBAR	Therapieempfehlung-Kombination.page.md	the source page embeds an element-tree rendering (7 occurrences of the renderer's marker); 2 of 10 runs are in no target page, but prose and rendered view cannot be told apart in it	-	read the page against its target: migration replaces the VIEW with the artefact page (R1), so only its prose has to be conserved -- and only a human can say which is which here
C4-c27714	conservation	C4	NICHT PRUEFBAR	Therapieempfehlung-Medikamentoes.page.md	the source page embeds an element-tree rendering (9 occurrences of the renderer's marker); 4 of 13 runs are in no target page, but prose and rendered view cannot be told apart in it	-	read the page against its target: migration replaces the VIEW with the artefact page (R1), so only its prose has to be conserved -- and only a human can say which is which here
C4-b48c39	conservation	C4	NICHT PRUEFBAR	Therapieempfehlung-Nicht-Medikamentoes.page.md	the source page embeds an element-tree rendering (11 occurrences of the renderer's marker); 4 of 18 runs are in no target page, but prose and rendered view cannot be told apart in it	-	read the page against its target: migration replaces the VIEW with the artefact page (R1), so only its prose has to be conserved -- and only a human can say which is which here
C4-466e91	conservation	C4	NICHT PRUEFBAR	Therapieplan.page.md	the source page embeds an element-tree rendering (7 occurrences of the renderer's marker); 1 of 10 runs are in no target page, but prose and rendered view cannot be told apart in it	-	read the page against its target: migration replaces the VIEW with the artefact page (R1), so only its prose has to be conserved -- and only a human can say which is which here
C4-d47516	conservation	C4	DIVERGIERT	UML.page.md	2 of 2 PROSE runs of the source page are in no target page (first: height:auto;" decoding="async" src=" alt="UML" title="UML"> …)	-	map the missing text to a target page section, or record the loss in the report's content map
C4-f9a290	conservation	C4	NICHT PRUEFBAR	Untersuchung-ClinicalImpression.page.md	the source page embeds an element-tree rendering (9 occurrences of the renderer's marker); 4 of 19 runs are in no target page, but prose and rendered view cannot be told apart in it	-	read the page against its target: migration replaces the VIEW with the artefact page (R1), so only its prose has to be conserved -- and only a human can say which is which here
C4-9fe030	conservation	C4	NICHT PRUEFBAR	Waist-to-Hip-Ratio.page.md	the source page embeds an element-tree rendering (7 occurrences of the renderer's marker); 3 of 12 runs are in no target page, but prose and rendered view cannot be told apart in it	-	read the page against its target: migration replaces the VIEW with the artefact page (R1), so only its prose has to be conserved -- and only a human can say which is which here
C4-a9cd8f	conservation	C4	DIVERGIERT	capability.md	1 of 11 PROSE runs of the source page are in no target page (first: ``` [Link Simplifier Profil Übersicht]( Es beschreibt die ve…)	-	map the missing text to a target page section, or record the loss in the report's content map
C4-7012cd	conservation	C4	DIVERGIERT	clinical-genetic-diagnosis-guide.md	6 of 53 PROSE runs of the source page are in no target page (first: MII_PR_SE_ClinicalDiagnosis * verificationStatus = $conditio…); 8 generated table row(s) excluded -- migration replaces that view with the artefact page (R1 checks THAT)	-	map the missing text to a target page section, or record the loss in the report's content map
C4-a71a58	conservation	C4	DIVERGIERT	coding-best-practices.md	7 of 38 PROSE runs of the source page are in no target page (first: Kontextabhängige Kodiersysteme #### HPO-Codes - **Verwenden …); 5 generated table row(s) excluded -- migration replaces that view with the artefact page (R1 checks THAT)	-	map the missing text to a target page section, or record the loss in the report's content map
C4-3c3e5a	conservation	C4	DIVERGIERT	context.md	2 of 30 PROSE runs of the source page are in no target page (first: MII-KDS_2025-06-12_de auf <a href=" target="_blank">MII KDS<…)	-	map the missing text to a target page section, or record the loss in the report's content map
C4-4a0583	conservation	C4	IDENTISCH	datasets.md	all 5 prose runs present in the target's de corpus	-	-
C4-ef59ff	conservation	C4	DIVERGIERT	index.md	2 of 16 PROSE runs of the source page are in no target page (first: Fragen zu der vorliegenden Publikation können jederzeit unte…); 6 generated table row(s) excluded -- migration replaces that view with the artefact page (R1 checks THAT)	-	map the missing text to a target page section, or record the loss in the report's content map
C4-51ac52	conservation	C4	DIVERGIERT	information-model.md	1 of 2 PROSE runs of the source page are in no target page (first: Das Bild ist <a href=" target="_blank">hier</a> in zoombarer…)	-	map the missing text to a target page section, or record the loss in the report's content map
C4-c5f28a	conservation	C4	DIVERGIERT	marfan-example-annotations.md	3 of 59 PROSE runs of the source page are in no target page (first: MII PR SE ClinicalImpression ### Ressourcen-Übersicht #### P…); 40 generated table row(s) excluded -- migration replaces that view with the artefact page (R1 checks THAT)	-	map the missing text to a target page section, or record the loss in the report's content map
C4-9652e1	conservation	C4	DIVERGIERT	module-description.md	1 of 29 PROSE runs of the source page are in no target page (first: * An den *Klinischen Arbeitsplätzen*, wo sie als Teil der *V…)	-	map the missing text to a target page section, or record the loss in the report's content map
C4-5546a8	conservation	C4	DIVERGIERT	profiles-overview.md	3 of 9 PROSE runs of the source page are in no target page (first: Insbesondere sei hier die <a href=" target="_blank">Internat…)	-	map the missing text to a target page section, or record the loss in the report's content map
C4-a369fb	conservation	C4	DIVERGIERT	references.md	6 of 15 PROSE runs of the source page are in no target page (first: * Grundlage des KDS-Moduls Seltene Erkrankungen ist hauptsäc…)	-	map the missing text to a target page section, or record the loss in the report's content map
C4-76968d	conservation	C4	DIVERGIERT	release-notes.md	1 of 9 PROSE runs of the source page are in no target page (first: ICD-10-GM Version 2004→2009, Display-Namen (Natural Mother→N…)	-	map the missing text to a target page section, or record the loss in the report's content map
C4-367921	conservation	C4	DIVERGIERT	scenarios.md	2 of 52 PROSE runs of the source page are in no target page (first: Im vorliegenden IG wird daraus abgeleitet, nach europäischem…)	-	map the missing text to a target page section, or record the loss in the report's content map
C4-4d5e68	conservation	C4	DIVERGIERT	sma-example-annotations.md	3 of 33 PROSE runs of the source page are in no target page (first: MII PR Encounter ### Ressourcen-Übersicht #### Patient und F…); 39 generated table row(s) excluded -- migration replaces that view with the artefact page (R1 checks THAT)	-	map the missing text to a target page section, or record the loss in the report's content map
C4-0eb298	conservation	C4	DIVERGIERT	terminology.md	10 of 44 PROSE runs of the source page are in no target page (first: > **Hinweis zum BfArM Terminologieserver:** Die nachfolgend …); 5 generated table row(s) excluded -- migration replaces that view with the artefact page (R1 checks THAT)	-	map the missing text to a target page section, or record the loss in the report's content map
C5-f09e26	conservation	C5	IDENTISCH	input/includes/menu.xml	all 30 menu entries resolve to a real page	-	-
C5-d64c1f	conservation	C5	IDENTISCH	input/translations/de/includes/menu.xml	all 30 menu entries resolve to a real page	-	-
C5-9f28ae	conservation	C5	IDENTISCH	22 narrative pages	every one is reachable from a menu entry	-	-
C5-2d86b5	conservation	C5	NICHT PRUEFBAR	target pages without a source counterpart	references/template-pages.tsv is measured at module-template v0.11.1, but this module vendors v0.11.3 -- a stale manifest produces confident wrong findings in both directions	-	re-measure template-pages.tsv at the vendored tag (record the tag in the third column), then re-run
C6-fab2fd	conservation	C6	IDENTISCH	AnamneseUndDiagnostik/Index.page.md	7 of 7 runs placed, most on profiles -- the mapped target	-	-
C6-17b058	conservation	C6	IDENTISCH	Beispiele-fuer-Seltene-Erkrankungen/Index.page.md	7 of 9 runs placed, most on examples -- the mapped target	-	-
C6-8f2ce0	conservation	C6	NICHT PRUEFBAR	Beschreibung-Modul.page.md	28 of 29 runs placed; landed on index (28)	-	no page-map row declares where this page's text was MEANT to go, so 'right page' has no mechanical meaning -- read the landing distribution and confirm the routing (spec section 9)
C6-5a8381	conservation	C6	NICHT PRUEFBAR	Beschreibung-von-Szenarien-fuer-die-Anwendung-des-Moduls-SE.page.md	50 of 52 runs placed; landed on guidance (50)	-	no page-map row declares where this page's text was MEANT to go, so 'right page' has no mechanical meaning -- read the landing distribution and confirm the routing (spec section 9)
C6-e40eee	conservation	C6	IDENTISCH	Blutgruppe-Observation.page.md	8 of 10 runs placed, most on StructureDefinition-mii-pr-seltene-blutgruppe-intro -- the mapped target	-	-
C6-8475a3	conservation	C6	IDENTISCH	Body-Mass-Index-Observation.page.md	10 of 12 runs placed, most on StructureDefinition-mii-pr-seltene-bodymassindex-intro -- the mapped target	-	-
C6-c81fe3	conservation	C6	NICHT PRUEFBAR	CapabilityStatement.page.md	6 of 10 runs placed; landed on capability-statements (6)	-	no page-map row declares where this page's text was MEANT to go, so 'right page' has no mechanical meaning -- read the landing distribution and confirm the routing (spec section 9)
C6-f55cb0	conservation	C6	NICHT PRUEFBAR	Datensaetze-inkl.-Beschreibungen.page.md	4 of 4 runs placed; landed on logical-models (4)	-	no page-map row declares where this page's text was MEANT to go, so 'right page' has no mechanical meaning -- read the landing distribution and confirm the routing (spec section 9)
C6-5819c7	conservation	C6	IDENTISCH	Diagnose/Index.page.md	6 of 6 runs placed, most on profiles -- the mapped target	-	-
C6-ddc83d	conservation	C6	NICHT PRUEFBAR	FHIR-Profile/Index.page.md	6 of 9 runs placed; landed on profiles (6)	-	no page-map row declares where this page's text was MEANT to go, so 'right page' has no mechanical meaning -- read the landing distribution and confirm the routing (spec section 9)
C6-3abcb4	conservation	C6	IDENTISCH	Familienanamnese-FamilyMemberHistory.page.md	27 of 31 runs placed, most on StructureDefinition-mii-pr-seltene-familienanamnese-intro -- the mapped target	-	-
C6-f93d9b	conservation	C6	IDENTISCH	Familienanamnese/Index.page.md	6 of 6 runs placed, most on profiles -- the mapped target	-	-
C6-b236d9	conservation	C6	IDENTISCH	HPO-Phaenotypisierung-Observation.page.md	31 of 33 runs placed, most on StructureDefinition-mii-pr-seltene-hpo-assessment-intro -- the mapped target	-	-
C6-a3f90d	conservation	C6	IDENTISCH	Hueftumfang-Observation.page.md	16 of 18 runs placed, most on StructureDefinition-mii-pr-seltene-hueftumfang-intro -- the mapped target	-	-
C6-06ce02	conservation	C6	NICHT PRUEFBAR	Kontext-im-Gesamtprojekt-Bezuege-zu-anderen-Modulen.page.md	24 of 28 runs placed; landed on implementer-guidance (24)	-	no page-map row declares where this page's text was MEANT to go, so 'right page' has no mechanical meaning -- read the landing distribution and confirm the routing (spec section 9)
C6-8eb790	conservation	C6	IDENTISCH	Kopfumfang-Observation.page.md	13 of 15 runs placed, most on StructureDefinition-mii-pr-seltene-kopfumfang-intro -- the mapped target	-	-
C6-ffe3a6	conservation	C6	NICHT PRUEFBAR	MIIIGModulSeltene/Index.page.md	13 of 16 runs placed; landed on index (13)	-	no page-map row declares where this page's text was MEANT to go, so 'right page' has no mechanical meaning -- read the landing distribution and confirm the routing (spec section 9)
C6-9259b4	conservation	C6	NICHT PRUEFBAR	Marfan-Syndrom.page.md	42 of 97 runs placed; landed on marfan-example-annotations (42)	-	no page-map row declares where this page's text was MEANT to go, so 'right page' has no mechanical meaning -- read the landing distribution and confirm the routing (spec section 9)
C6-14a807	conservation	C6	IDENTISCH	Messbefunde/Index.page.md	8 of 8 runs placed, most on profiles -- the mapped target	-	-
C6-997ea5	conservation	C6	NICHT PRUEFBAR	Referenzen.page.md	9 of 15 runs placed; landed on implementer-guidance (9)	-	no page-map row declares where this page's text was MEANT to go, so 'right page' has no mechanical meaning -- read the landing distribution and confirm the routing (spec section 9)
C6-23da97	conservation	C6	NICHT PRUEFBAR	Release-Notes.page.md	5 of 9 runs placed; landed on changes (5)	-	no page-map row declares where this page's text was MEANT to go, so 'right page' has no mechanical meaning -- read the landing distribution and confirm the routing (spec section 9)
C6-b669a5	conservation	C6	IDENTISCH	SE-Diagnose-genetisch-Condition.page.md	10 of 12 runs placed, most on StructureDefinition-mii-pr-seltene-genetic-diagnosis-intro -- the mapped target	-	-
C6-0d07e6	conservation	C6	IDENTISCH	SE-Diagnose-klinisch-Condition.page.md	10 of 12 runs placed, most on StructureDefinition-mii-pr-seltene-clinical-diagnosis-intro -- the mapped target	-	-
C6-ed0515	conservation	C6	NICHT PRUEFBAR	Spinale-Muskelatrophie-SMA.page.md	19 of 61 runs placed; landed on sma-example-annotations (19)	-	no page-map row declares where this page's text was MEANT to go, so 'right page' has no mechanical meaning -- read the landing distribution and confirm the routing (spec section 9)
C6-6fa0ea	conservation	C6	IDENTISCH	Studie/Index.page.md	5 of 9 runs placed, most on profiles -- the mapped target	-	-
C6-73add4	conservation	C6	IDENTISCH	Studieneinschluss-Anfrage.page.md	8 of 10 runs placed, most on StructureDefinition-mii-pr-seltene-studieneinschluss-anfrage-intro -- the mapped target	-	-
C6-9718e5	conservation	C6	IDENTISCH	Symptom-Condition.page.md	18 of 24 runs placed, most on StructureDefinition-mii-pr-seltene-symptom-condition-intro -- the mapped target	-	-
C6-c63311	conservation	C6	IDENTISCH	Taillenumfang-Observation.page.md	12 of 14 runs placed, most on StructureDefinition-mii-pr-seltene-taillenumfang-intro -- the mapped target	-	-
C6-1b0a6a	conservation	C6	IDENTISCH	Technische-Implementierung/Index.page.md	2 of 4 runs placed, most on implementer-guidance -- the mapped target	-	-
C6-8d2119	conservation	C6	NICHT PRUEFBAR	Terminologien.page.md	35 of 44 runs placed; landed on code-systems (35)	-	no page-map row declares where this page's text was MEANT to go, so 'right page' has no mechanical meaning -- read the landing distribution and confirm the routing (spec section 9)
C6-d1c38d	conservation	C6	IDENTISCH	Therapie-Durchgefuehrt-NARSE.page.md	16 of 20 runs placed, most on StructureDefinition-mii-pr-seltene-therapie-durchgefuehrt-intro -- the mapped target	-	-
C6-4ea6cd	conservation	C6	IDENTISCH	Therapie/Index.page.md	15 of 20 runs placed, most on profiles -- the mapped target	-	-
C6-61c539	conservation	C6	IDENTISCH	TherapieUndForschung/Index.page.md	4 of 5 runs placed, most on profiles -- the mapped target	-	-
C6-2e009a	conservation	C6	IDENTISCH	Therapieempfehlung-Kombination.page.md	8 of 10 runs placed, most on StructureDefinition-mii-pr-seltene-therapieempfehlung-kombination-intro -- the mapped target	-	-
C6-5b97de	conservation	C6	IDENTISCH	Therapieempfehlung-Medikamentoes.page.md	9 of 13 runs placed, most on StructureDefinition-mii-pr-seltene-therapieempfehlung-intro -- the mapped target	-	-
C6-cc192c	conservation	C6	IDENTISCH	Therapieempfehlung-Nicht-Medikamentoes.page.md	14 of 18 runs placed, most on StructureDefinition-mii-pr-seltene-therapieempfehlung-nicht-medikamentoes-intro -- the mapped target	-	-
C6-b170a7	conservation	C6	IDENTISCH	Therapieplan.page.md	9 of 10 runs placed, most on StructureDefinition-mii-pr-seltene-therapieplan-intro -- the mapped target	-	-
C6-66edb9	conservation	C6	IDENTISCH	Untersuchung-ClinicalImpression.page.md	15 of 19 runs placed, most on StructureDefinition-mii-pr-seltene-clinical-impression-intro -- the mapped target	-	-
C6-ddc679	conservation	C6	NICHT PRUEFBAR	Waist-to-Hip-Ratio.page.md	9 of 12 runs placed; landed on StructureDefinition-mii-pr-seltene-bodymassindex-intro (9), StructureDefinition-mii-pr-seltene-genetic-diagnosis-intro (8), StructureDefinition-mii-pr-seltene-hpo-assessment-intro (8)	-	no page-map row declares where this page's text was MEANT to go, so 'right page' has no mechanical meaning -- read the landing distribution and confirm the routing (spec section 9)
C6-4e8134	conservation	C6	IDENTISCH	capability.md	10 of 11 runs placed, most on capability-statements -- the mapped target	-	-
C6-f929ff	conservation	C6	IDENTISCH	clinical-genetic-diagnosis-guide.md	47 of 53 runs placed, most on clinical-genetic-diagnosis-guide -- the mapped target	-	-
C6-9ac1fa	conservation	C6	IDENTISCH	coding-best-practices.md	31 of 38 runs placed, most on coding-best-practices -- the mapped target	-	-
C6-03224d	conservation	C6	IDENTISCH	context.md	28 of 30 runs placed, most on implementer-guidance -- the mapped target	-	-
C6-a35fd8	conservation	C6	IDENTISCH	datasets.md	5 of 5 runs placed, most on logical-models -- the mapped target	-	-
C6-876559	conservation	C6	IDENTISCH	index.md	14 of 16 runs placed, most on index -- the mapped target	-	-
C6-361d45	conservation	C6	IDENTISCH	information-model.md	1 of 2 runs placed, most on uml-diagrams -- the mapped target	-	-
C6-238f15	conservation	C6	IDENTISCH	marfan-example-annotations.md	56 of 59 runs placed, most on marfan-example-annotations -- the mapped target	-	-
C6-eaf22a	conservation	C6	IDENTISCH	module-description.md	28 of 29 runs placed, most on index -- the mapped target	-	-
C6-eb7b9a	conservation	C6	IDENTISCH	profiles-overview.md	6 of 9 runs placed, most on profiles -- the mapped target	-	-
C6-02c8a1	conservation	C6	IDENTISCH	references.md	9 of 15 runs placed, most on implementer-guidance -- the mapped target	-	-
C6-ae5d72	conservation	C6	IDENTISCH	release-notes.md	8 of 9 runs placed, most on changes -- the mapped target	-	-
C6-c7570c	conservation	C6	IDENTISCH	scenarios.md	50 of 52 runs placed, most on guidance -- the mapped target	-	-
C6-91b891	conservation	C6	IDENTISCH	sma-example-annotations.md	30 of 33 runs placed, most on sma-example-annotations -- the mapped target	-	-
C6-4fe5a8	conservation	C6	IDENTISCH	terminology.md	34 of 44 runs placed, most on code-systems -- the mapped target	-	-
C7-8c8c7d	conservation	C7	DIVERGIERT	profiles	4 of 9 prose runs of the source page Studie/Index.page.md are in no target page (C4), and profiles carries no DERIVED marker at all -- text was rewritten and the guide does not say so	-	mark the passage per spec section 9d (the DERIVED comment plus the visible box, in BOTH language mirrors), or restore the source wording; if the text was deliberately dropped, record that in migration-log/page-map.tsv instead
C7-283e85	conservation	C7	DIVERGIERT	implementer-guidance	2 of 4 prose runs of the source page Technische-Implementierung/Index.page.md are in no target page (C4), and implementer-guidance carries no DERIVED marker at all -- text was rewritten and the guide does not say so	-	mark the passage per spec section 9d (the DERIVED comment plus the visible box, in BOTH language mirrors), or restore the source wording; if the text was deliberately dropped, record that in migration-log/page-map.tsv instead
C7-79b65a	conservation	C7	DIVERGIERT	profiles	5 of 20 prose runs of the source page Therapie/Index.page.md are in no target page (C4), and profiles carries no DERIVED marker at all -- text was rewritten and the guide does not say so	-	mark the passage per spec section 9d (the DERIVED comment plus the visible box, in BOTH language mirrors), or restore the source wording; if the text was deliberately dropped, record that in migration-log/page-map.tsv instead
C7-80ef07	conservation	C7	DIVERGIERT	profiles	1 of 5 prose runs of the source page TherapieUndForschung/Index.page.md are in no target page (C4), and profiles carries no DERIVED marker at all -- text was rewritten and the guide does not say so	-	mark the passage per spec section 9d (the DERIVED comment plus the visible box, in BOTH language mirrors), or restore the source wording; if the text was deliberately dropped, record that in migration-log/page-map.tsv instead
C7-9191f0	conservation	C7	DIVERGIERT	capability-statements	1 of 11 prose runs of the source page capability.md are in no target page (C4), and capability-statements carries no DERIVED marker at all -- text was rewritten and the guide does not say so	-	mark the passage per spec section 9d (the DERIVED comment plus the visible box, in BOTH language mirrors), or restore the source wording; if the text was deliberately dropped, record that in migration-log/page-map.tsv instead
C7-2fca3e	conservation	C7	DIVERGIERT	clinical-genetic-diagnosis-guide	6 of 53 prose runs of the source page clinical-genetic-diagnosis-guide.md are in no target page (C4), and clinical-genetic-diagnosis-guide carries no DERIVED marker at all -- text was rewritten and the guide does not say so	-	mark the passage per spec section 9d (the DERIVED comment plus the visible box, in BOTH language mirrors), or restore the source wording; if the text was deliberately dropped, record that in migration-log/page-map.tsv instead
C7-336557	conservation	C7	DIVERGIERT	coding-best-practices	7 of 38 prose runs of the source page coding-best-practices.md are in no target page (C4), and coding-best-practices carries no DERIVED marker at all -- text was rewritten and the guide does not say so	-	mark the passage per spec section 9d (the DERIVED comment plus the visible box, in BOTH language mirrors), or restore the source wording; if the text was deliberately dropped, record that in migration-log/page-map.tsv instead
C7-74b1be	conservation	C7	DIVERGIERT	implementer-guidance	2 of 30 prose runs of the source page context.md are in no target page (C4), and implementer-guidance carries no DERIVED marker at all -- text was rewritten and the guide does not say so	-	mark the passage per spec section 9d (the DERIVED comment plus the visible box, in BOTH language mirrors), or restore the source wording; if the text was deliberately dropped, record that in migration-log/page-map.tsv instead
C7-8a1680	conservation	C7	DIVERGIERT	uml-diagrams	1 of 2 prose runs of the source page information-model.md are in no target page (C4), and uml-diagrams carries no DERIVED marker at all -- text was rewritten and the guide does not say so	-	mark the passage per spec section 9d (the DERIVED comment plus the visible box, in BOTH language mirrors), or restore the source wording; if the text was deliberately dropped, record that in migration-log/page-map.tsv instead
C7-7aed0b	conservation	C7	DIVERGIERT	marfan-example-annotations	3 of 59 prose runs of the source page marfan-example-annotations.md are in no target page (C4), and marfan-example-annotations carries no DERIVED marker at all -- text was rewritten and the guide does not say so	-	mark the passage per spec section 9d (the DERIVED comment plus the visible box, in BOTH language mirrors), or restore the source wording; if the text was deliberately dropped, record that in migration-log/page-map.tsv instead
C7-856f4a	conservation	C7	DIVERGIERT	profiles	3 of 9 prose runs of the source page profiles-overview.md are in no target page (C4), and profiles carries no DERIVED marker at all -- text was rewritten and the guide does not say so	-	mark the passage per spec section 9d (the DERIVED comment plus the visible box, in BOTH language mirrors), or restore the source wording; if the text was deliberately dropped, record that in migration-log/page-map.tsv instead
C7-e7c9d4	conservation	C7	DIVERGIERT	implementer-guidance	6 of 15 prose runs of the source page references.md are in no target page (C4), and implementer-guidance carries no DERIVED marker at all -- text was rewritten and the guide does not say so	-	mark the passage per spec section 9d (the DERIVED comment plus the visible box, in BOTH language mirrors), or restore the source wording; if the text was deliberately dropped, record that in migration-log/page-map.tsv instead
C7-4f50d8	conservation	C7	DIVERGIERT	changes	1 of 9 prose runs of the source page release-notes.md are in no target page (C4), and changes carries no DERIVED marker at all -- text was rewritten and the guide does not say so	-	mark the passage per spec section 9d (the DERIVED comment plus the visible box, in BOTH language mirrors), or restore the source wording; if the text was deliberately dropped, record that in migration-log/page-map.tsv instead
C7-19ae00	conservation	C7	DIVERGIERT	sma-example-annotations	3 of 33 prose runs of the source page sma-example-annotations.md are in no target page (C4), and sma-example-annotations carries no DERIVED marker at all -- text was rewritten and the guide does not say so	-	mark the passage per spec section 9d (the DERIVED comment plus the visible box, in BOTH language mirrors), or restore the source wording; if the text was deliberately dropped, record that in migration-log/page-map.tsv instead
C7-fabfa8	conservation	C7	DIVERGIERT	code-systems	10 of 44 prose runs of the source page terminology.md are in no target page (C4), and code-systems carries no DERIVED marker at all -- text was rewritten and the guide does not say so	-	mark the passage per spec section 9d (the DERIVED comment plus the visible box, in BOTH language mirrors), or restore the source wording; if the text was deliberately dropped, record that in migration-log/page-map.tsv instead
C7-ebfb65	conservation	C7	NICHT PRUEFBAR	Blutgruppe-Observation.page.md	C4 could not tell this page's prose from its embedded element-tree rendering, so whether anything was rewritten here is not measured	-	read the page against its target (the same human action C4 asks for) and mark whatever the migration wrote per spec section 9d
C7-6ff8ef	conservation	C7	NICHT PRUEFBAR	Body-Mass-Index-Observation.page.md	C4 could not tell this page's prose from its embedded element-tree rendering, so whether anything was rewritten here is not measured	-	read the page against its target (the same human action C4 asks for) and mark whatever the migration wrote per spec section 9d
C7-4e7a2f	conservation	C7	NICHT PRUEFBAR	Familienanamnese-FamilyMemberHistory.page.md	C4 could not tell this page's prose from its embedded element-tree rendering, so whether anything was rewritten here is not measured	-	read the page against its target (the same human action C4 asks for) and mark whatever the migration wrote per spec section 9d
C7-a1d001	conservation	C7	NICHT PRUEFBAR	HPO-Phaenotypisierung-Observation.page.md	C4 could not tell this page's prose from its embedded element-tree rendering, so whether anything was rewritten here is not measured	-	read the page against its target (the same human action C4 asks for) and mark whatever the migration wrote per spec section 9d
C7-d78429	conservation	C7	NICHT PRUEFBAR	Hueftumfang-Observation.page.md	C4 could not tell this page's prose from its embedded element-tree rendering, so whether anything was rewritten here is not measured	-	read the page against its target (the same human action C4 asks for) and mark whatever the migration wrote per spec section 9d
C7-2a5437	conservation	C7	NICHT PRUEFBAR	Kopfumfang-Observation.page.md	C4 could not tell this page's prose from its embedded element-tree rendering, so whether anything was rewritten here is not measured	-	read the page against its target (the same human action C4 asks for) and mark whatever the migration wrote per spec section 9d
C7-7dd933	conservation	C7	NICHT PRUEFBAR	SE-Diagnose-genetisch-Condition.page.md	C4 could not tell this page's prose from its embedded element-tree rendering, so whether anything was rewritten here is not measured	-	read the page against its target (the same human action C4 asks for) and mark whatever the migration wrote per spec section 9d
C7-3d0e33	conservation	C7	NICHT PRUEFBAR	SE-Diagnose-klinisch-Condition.page.md	C4 could not tell this page's prose from its embedded element-tree rendering, so whether anything was rewritten here is not measured	-	read the page against its target (the same human action C4 asks for) and mark whatever the migration wrote per spec section 9d
C7-b955bf	conservation	C7	NICHT PRUEFBAR	Studieneinschluss-Anfrage.page.md	C4 could not tell this page's prose from its embedded element-tree rendering, so whether anything was rewritten here is not measured	-	read the page against its target (the same human action C4 asks for) and mark whatever the migration wrote per spec section 9d
C7-34f4c0	conservation	C7	NICHT PRUEFBAR	Symptom-Condition.page.md	C4 could not tell this page's prose from its embedded element-tree rendering, so whether anything was rewritten here is not measured	-	read the page against its target (the same human action C4 asks for) and mark whatever the migration wrote per spec section 9d
C7-f84199	conservation	C7	NICHT PRUEFBAR	Taillenumfang-Observation.page.md	C4 could not tell this page's prose from its embedded element-tree rendering, so whether anything was rewritten here is not measured	-	read the page against its target (the same human action C4 asks for) and mark whatever the migration wrote per spec section 9d
C7-83c5e8	conservation	C7	NICHT PRUEFBAR	Therapie-Durchgefuehrt-NARSE.page.md	C4 could not tell this page's prose from its embedded element-tree rendering, so whether anything was rewritten here is not measured	-	read the page against its target (the same human action C4 asks for) and mark whatever the migration wrote per spec section 9d
C7-57455e	conservation	C7	NICHT PRUEFBAR	Therapieempfehlung-Kombination.page.md	C4 could not tell this page's prose from its embedded element-tree rendering, so whether anything was rewritten here is not measured	-	read the page against its target (the same human action C4 asks for) and mark whatever the migration wrote per spec section 9d
C7-cca80b	conservation	C7	NICHT PRUEFBAR	Therapieempfehlung-Medikamentoes.page.md	C4 could not tell this page's prose from its embedded element-tree rendering, so whether anything was rewritten here is not measured	-	read the page against its target (the same human action C4 asks for) and mark whatever the migration wrote per spec section 9d
C7-907fb6	conservation	C7	NICHT PRUEFBAR	Therapieempfehlung-Nicht-Medikamentoes.page.md	C4 could not tell this page's prose from its embedded element-tree rendering, so whether anything was rewritten here is not measured	-	read the page against its target (the same human action C4 asks for) and mark whatever the migration wrote per spec section 9d
C7-23b9e5	conservation	C7	NICHT PRUEFBAR	Therapieplan.page.md	C4 could not tell this page's prose from its embedded element-tree rendering, so whether anything was rewritten here is not measured	-	read the page against its target (the same human action C4 asks for) and mark whatever the migration wrote per spec section 9d
C7-8505e1	conservation	C7	NICHT PRUEFBAR	Untersuchung-ClinicalImpression.page.md	C4 could not tell this page's prose from its embedded element-tree rendering, so whether anything was rewritten here is not measured	-	read the page against its target (the same human action C4 asks for) and mark whatever the migration wrote per spec section 9d
C7-6f8819	conservation	C7	NICHT PRUEFBAR	Waist-to-Hip-Ratio.page.md	C4 could not tell this page's prose from its embedded element-tree rendering, so whether anything was rewritten here is not measured	-	read the page against its target (the same human action C4 asks for) and mark whatever the migration wrote per spec section 9d
F1-093008	fidelity	F1	IDENTISCH	id	mii-ig-seltene-erkrankungen-v2026-de (identical to the source)	-	-
F1-bacf3c	fidelity	F1	IDENTISCH	packageId	de.medizininformatikinitiative.kerndatensatz.seltene (identical to the source)	-	-
F1-489e82	fidelity	F1	IDENTISCH	canonical	https://www.medizininformatik-initiative.de/fhir/ext/modul-s… (identical to the source)	-	-
F1-6cbfea	fidelity	F1	NICHT PRUEFBAR	version	target 2027.0.0-ballot vs source 2026.0.1 -- the target version is a human decision (spec 2.1)	-	confirm the target version at Gate A and record it
F1-8a3995	fidelity	F1	IDENTISCH	status	active (identical to the source)	-	-
F1-b5b102	fidelity	F1	IDENTISCH	title	MII IG Kerndatensatz-Modul Seltene Erkrankungen (identical to the source)	-	-
F1-7bae24	fidelity	F1	DIVERGIERT	license	source has nirgends deklariert, the target declares nothing	-	carry the source value over unchanged (guardrail 1)
F1-5451f2	fidelity	F1	IDENTISCH	publisher	Medizininformatik Initiative (identical to the source)	-	-
F1-f60f40	fidelity	F1	IDENTISCH	fhirVersion	4.0.1 (identical to the source)	-	-
F2-d14403	fidelity	F2	DIVERGIERT	de.basisprofil.r4	target 1.5.4  vs  source pin 1.5.x (the source tree (--source))	-	the source pin is the evidence; a registry dist-tag is not. Restore the pin or make the bump a Gate-A decision
F2-0519f5	fidelity	F2	DIVERGIERT	de.medizininformatikinitiative.kerndatensatz.base	target 2026.0.1  vs  source pin 2026.0.x (the source tree (--source))	-	the source pin is the evidence; a registry dist-tag is not. Restore the pin or make the bump a Gate-A decision
F2-032a5b	fidelity	F2	DIVERGIERT	de.medizininformatikinitiative.kerndatensatz.icu	target 2026.0.3  vs  source pin 2026.0.x (the source tree (--source))	-	the source pin is the evidence; a registry dist-tag is not. Restore the pin or make the bump a Gate-A decision
F2-fb1c14	fidelity	F2	DIVERGIERT	de.medizininformatikinitiative.kerndatensatz.medikation	target 2026.0.1  vs  source pin 2026.0.x (the source tree (--source))	-	the source pin is the evidence; a registry dist-tag is not. Restore the pin or make the bump a Gate-A decision
F2-ce5cda	fidelity	F2	DIVERGIERT	de.medizininformatikinitiative.kerndatensatz.meta	target 2026.0.0  vs  source pin 2026.0.x (the source tree (--source))	-	the source pin is the evidence; a registry dist-tag is not. Restore the pin or make the bump a Gate-A decision
F2-60512e	fidelity	F2	DIVERGIERT	de.medizininformatikinitiative.kerndatensatz.molgen	target 2026.0.4  vs  source pin 2026.0.x (the source tree (--source))	-	the source pin is the evidence; a registry dist-tag is not. Restore the pin or make the bump a Gate-A decision
F2-ec259d	fidelity	F2	IDENTISCH	de.medizininformatikinitiative.kerndatensatz.studie	pinned 2026.0.2, identical to the source pin (the source tree (--source))	-	-
F2-fd0e73	fidelity	F2	NICHT PRUEFBAR	hl7.fhir.uv.crmi	target-only dependency 2.0.0 (not in the source)	-	confirm at Gate A that this is template machinery (hl7.fhir.uv.crmi is) and not an accidental addition
F2-047205	fidelity	F2	NICHT PRUEFBAR	hl7.fhir.uv.extensions.r4	target-only dependency 5.3.0 (not in the source)	-	confirm at Gate A that this is template machinery (hl7.fhir.uv.crmi is) and not an accidental addition
F2-8f9355	fidelity	F2	NICHT PRUEFBAR	hl7.terminology.r4	target-only dependency 7.3.0 (not in the source)	-	confirm at Gate A that this is template machinery (hl7.fhir.uv.crmi is) and not an accidental addition
F3-1a29c4	fidelity	F3	DIVERGIERT	license	the target declares no licence at all	-	declare the source's licence; a missing licence is not a default
F3-ce21cb	fidelity	F3	IDENTISCH	LICENSE file	no LICENSE file in the target -- nothing contradicts the declared scalar (none)	-	-
F4-92ed1d	fidelity	F4	IDENTISCH	69 FSH files	no fhir_comments rules, no whitespace-bearing code references	-	-
P1-fded0e	provenance	P1	IDENTISCH	template	rendered de.medizininformatikinitiative.template#1.3.2 == vendored de.medizininformatikinitiative.template#1.3.2	-	-
P2-264584	provenance	P2	IDENTISCH	vendored template ref	v0.11.3 == latest release v0.11.3	-	-
P3-a28a47	provenance	P3	IDENTISCH	IG Publisher version	2.3.2 == the workflow pin	-	-
P3-c39a79	provenance	P3	NICHT PRUEFBAR	IG Publisher currency	the publisher reports itself out of date (current 2.3.3)	-	upgrading the publisher is a target-repository decision, not a migration one -- record it, do not act on it here
P4-379bde	provenance	P4	NICHT PRUEFBAR	source guide version	no `?version=` recorded in the run log or the harvest manifest	-	record the pinned, PUBLISHED guide version like the source commit SHA (spec 5.1c.3)
P5-ae41ea	provenance	P5	IDENTISCH	ig.ini	`ig = fsh-generated/resources/ImplementationGuide-mii-ig-seltene-erkrankungen-v2026-de.json` exists in the target	-	-
R1-866fe1	rendering	R1	IDENTISCH	output/de	tables, tabs and images all non-empty and resolvable	-	-
R2-48ed52	rendering	R2	DIVERGIERT	output/de id="ig-status" [{{]	on 1 page(s), e.g. searchform.html: Search {{title}} (Current Build)	-	rendered header/footer metadata defect -- qa.txt does not report it. Fix the metadata it renders (a jurisdiction code the template cannot resolve is the measured case)
R1-e1bc49	rendering	R1	IDENTISCH	output/en	tables, tabs and images all non-empty and resolvable	-	-
R2-d1da9a	rendering	R2	DIVERGIERT	output/en id="ig-status" [{{]	on 1 page(s), e.g. searchform.html: Search {{title}} (Current Build)	-	rendered header/footer metadata defect -- qa.txt does not report it. Fix the metadata it renders (a jurisdiction code the template cannot resolve is the measured case)
R1-76f413	rendering	R1	NICHT PRUEFBAR	source-versus-target rendering	no harvested source HTML (./migration-log/guide-harvest/html) and/or no page map	-	harvest with --keep-html and write the page map; without a source rendering, 'non-empty where non-empty in the source' has no reference
R3-c3bc54	rendering	R3	IDENTISCH	output/de	all 22 narrative pages differ from the default language	-	-
R4-84ad62	rendering	R4	NICHT PRUEFBAR	template example links	references/template-artifacts.tsv is verified at module-template v0.11.1, but this module vendors v0.11.3 -- a stale token list looks for the wrong scaffolding in both directions	-	re-verify the token list at the vendored tag (update the `# template_tag:` header), then re-run
R5-422ab1	rendering	R5	IDENTISCH	input/translations/de/ImplementationGuide-mii-ig-seltene-erkrankungen-v2026-de.po	a translated unit for every one of the 23 page titles	-	-
L0-28d3e4	log	L0	IDENTISCH	./migration-log/run.log	644 parsed lines, 1 runs	-	-
L1-72b929	log	L1	IDENTISCH	silent-partial-success WARNs	the log carries none across 644 lines	-	-
L2-0e48db	log	L2	IDENTISCH	1 preflight-analysis	present in the log	-	-
L2-5e1c48	log	L2	IDENTISCH	pre.2 classify-source-shape	present in the log	-	-
L2-4fd559	log	L2	IDENTISCH	pre.5 toolchain	present in the log	-	-
L2-541189	log	L2	IDENTISCH	5.1 source-inventory	present in the log	-	-
L2-9a6da6	log	L2	IDENTISCH	2.1 read-identity	present in the log	-	-
L2-23b069	log	L2	NICHT PRUEFBAR	2.1 package-identity	no line in the log; the step is conditional (no sushi-config.yaml in the source)	-	confirm the condition did not hold -- The published package is the only machine source for the dependency PINS (spec §2.1.1).
L2-7163a2	log	L2	NICHT PRUEFBAR	2.1 repo-identity	no line in the log; the step is conditional (no sushi-config.yaml in the source)	-	confirm the condition did not hold -- The repository's LICENSE text is the only machine source for `license` — the field that must never default (spec §2.2).
L2-07bdbb	log	L2	NICHT PRUEFBAR	5.1c simplifier-discover	no line in the log; the step is conditional (no rendered-IG URL was supplied)	-	confirm the condition did not hold -- Without the discovery chain the guide is not found, and a migration then ships the template's starter pages.
L2-930ba2	log	L2	NICHT PRUEFBAR	5.1d guide-harvest	no line in the log; the step is conditional (the narrative is not in the repository)	-	confirm the condition did not hold -- This is the step whose absence shipped the template's starter pages under a module's name.
L2-91b7ea	log	L2	NICHT PRUEFBAR	5.1b.2 gofsh-input	no line in the log; required only for source shape B, which the log does not state	-	record the shape (pre.2 classify-source-shape) -- The input count, taken BY CONTENT, is the number goFSH's own counts are reconciled against.
L2-f0a960	log	L2	NICHT PRUEFBAR	5.1b.2 gofsh-convert	no line in the log; required only for source shape B, which the log does not state	-	record the shape (pre.2 classify-source-shape) -- goFSH exits 0 having converted 1 of 20 inputs when `-t json-and-xml` is missing; only this line's counts show it.
L2-395531	log	L2	NICHT PRUEFBAR	5.1b.3 sushi-before	no line in the log; required only for source shape B, which the log does not state	-	record the shape (pre.2 classify-source-shape) -- The "41" of 41 → 5: without the baseline the repair's effect is unmeasurable.
L2-837623	log	L2	NICHT PRUEFBAR	5.1b.3 postprocess-gofsh	no line in the log; required only for source shape B, which the log does not state	-	record the shape (pre.2 classify-source-shape) -- The two mechanical repairs; a parse error otherwise TRUNCATES a file while SUSHI still exports the instance.
L2-41942e	log	L2	NICHT PRUEFBAR	5.1b.3 sushi-after	no line in the log; required only for source shape B, which the log does not state	-	record the shape (pre.2 classify-source-shape) -- The "5": the residual, which must be named unresolvable parents and nothing else.
L2-cd2674	log	L2	NICHT PRUEFBAR	5.1b.5 parent-snapshots	no line in the log; the step is conditional (a parent package ships no snapshots)	-	confirm the condition did not hold -- A hand-rolled snapshot fabricates a parent; the detect run is what proves none was needed.
L2-666ef6	log	L2	IDENTISCH	5.2 skeleton-vendored	present in the log	-	-
L2-200a9d	log	L2	IDENTISCH	5.2 sushi-skeleton	present in the log	-	-
L2-9a700e	log	L2	IDENTISCH	5.3 transfer-artefacts	present in the log	-	-
L2-8fadca	log	L2	IDENTISCH	5.4 fql-scan	present in the log	-	-
L2-ec69ec	log	L2	IDENTISCH	5.4a optional-page-decisions	present in the log	-	-
L2-b6ec8c	log	L2	IDENTISCH	5.4b security-privacy-decision	present in the log	-	-
L2-254dc3	log	L2	IDENTISCH	5.4c page-routing	present in the log	-	-
L2-21c0ec	log	L2	IDENTISCH	5.4d derived-scan	present in the log	-	-
L2-a85d96	log	L2	IDENTISCH	5.5 gen-page-title-po	present in the log	-	-
L2-619c38	log	L2	IDENTISCH	5.6 sushi-build	present in the log	-	-
L2-a60619	log	L2	IDENTISCH	5.6 ig-publisher	present in the log	-	-
L2-d8144d	log	L2	IDENTISCH	5.6a sibling-skill-check	present in the log	-	-
L2-bce311	log	L2	IDENTISCH	7 prepost-delta	present in the log	-	-
L2-3b5912	log	L2	IDENTISCH	11 verify-migration	present in the log	-	-
L3-d86477	log	L3	IDENTISCH	open identity contradictions	the log records no `identity-contradiction:` WARN	-	-
L3-8766f8	log	L3	IDENTISCH	identity ledger	migration-log/identity-claims.tsv present, 12 claim(s)	-	-
L4-106e61	log	L4	NICHT PRUEFBAR	conversion count	no `gofsh-convert … actual=` line in the log	-	shape B only; for shape A there is nothing to convert
L4-f17740	log	L4	NICHT PRUEFBAR	page count	no harvested count in the log and/or no harvest manifest	-	harvest the guide (step 2c) where the narrative is not in the repo
L4-40cf60	log	L4	IDENTISCH	artifact count	artifacts.html lists 161 for 161 generated resources	-	-
