Source File	Size	loadResources	load	generateSnapshots	load-configure	scan	loadDepInfo	loadInfo	checkR4R4B	generateNarratives	validate	loadLists	checkConformanceResources	checkConformanceResources2	checkConformanceResources3	generateLogicalMaps	validateExpressions	scanForUsageStats	checkURLsUnique	processProvenanceDetails	translate	generate1	generate2	generateLogicals	makeDependencies	generateExampleZip	generateValidationPack	scanProfilesForR5	scanExamplesForR5
/fsh-generated/resources/ImplementationGuide-mii-ig-seltene-erkrankungen-v2026-de.json	61665	-	0	0	0	0	0	0	31	52	0	0	0	0	1	0	0	1	0	0	0	327	481	0	0	0	11	0	4
fsh-generated/resources/Bundle-bundle-marfan-complete.json	50438	21	79	0	1	0	0	0	6	3713	0	0	0	0	0	0	0	0	0	0	0	164	3817	0	0	1	0	0	1
fsh-generated/resources/Bundle-bundle-sma-complete.json	41331	15	15	0	0	0	0	0	2	2267	0	0	0	0	0	0	0	1	0	0	0	147	4639	0	0	0	0	0	1
fsh-generated/resources/CapabilityStatement-mii-cps-seltene-capabilitystatement.json	59130	11	0	0	0	0	0	0	3	80	0	0	0	0	1	0	0	0	0	0	0	160	101	0	1	0	4	0	1
fsh-generated/resources/CarePlan-mii-exa-seltene-therapieplan.json	774	65	0	0	1	0	0	0	0	8	0	0	0	0	0	0	0	0	0	0	0	26	27	0	0	0	0	0	0
fsh-generated/resources/ClinicalImpression-clinical-impression-erstvorstellung.json	2203	5	0	0	0	0	0	0	0	6	0	0	0	0	0	0	0	0	0	0	0	26	33	0	0	0	0	0	0
fsh-generated/resources/ClinicalImpression-clinical-impression-nachsorge.json	2796	2	0	0	0	0	0	0	0	4	0	0	0	0	0	0	0	0	0	0	0	32	26	0	0	0	0	0	0
fsh-generated/resources/ClinicalImpression-clinical-impression-seltene-assessment.json	3926	3	0	0	0	0	0	0	0	6	0	0	0	0	0	0	0	0	0	0	0	49	43	0	0	0	0	0	0
fsh-generated/resources/CodeSystem-mii-cs-seltene-empfehlung-status-begruendung.json	646	3	0	0	0	0	0	0	0	9	0	0	0	0	0	0	0	0	0	0	0	25	86	0	0	0	1	0	1
fsh-generated/resources/CodeSystem-mii-cs-seltene-hpo-change-status.json	1474	2	0	0	0	0	0	0	1	3	0	0	0	0	1	0	0	0	0	0	0	25	74	0	0	0	0	0	0
fsh-generated/resources/CodeSystem-mii-cs-seltene-narse-therapietyp.json	2511	3	0	0	0	0	0	0	0	10	0	0	1	0	1	0	0	0	0	0	0	28	76	0	0	0	0	0	0
fsh-generated/resources/CodeSystem-mii-cs-seltene-therapieempfehlung-strategie.json	2323	2	0	0	0	0	0	0	0	5	0	0	0	0	1	0	0	0	0	0	0	30	59	0	0	0	1	0	0
fsh-generated/resources/CodeSystem-mii-cs-seltene-therapieempfehlung-typ.json	1134	3	0	0	0	0	0	0	0	4	0	0	0	0	0	0	0	0	0	0	0	21	45	0	0	0	0	0	0
fsh-generated/resources/Condition-condition-cataract.json	2118	2	0	0	0	0	0	0	0	4	0	0	0	0	0	0	0	0	0	0	0	19	13	0	0	0	0	0	0
fsh-generated/resources/Condition-condition-marfan-clinical.json	3975	3	0	0	0	0	0	0	0	7	0	0	0	0	0	0	0	0	0	0	0	21	21	0	0	0	0	0	0
fsh-generated/resources/Condition-condition-marfan-genetic.json	2067	1	0	0	0	0	0	0	0	5	0	0	0	0	0	0	0	0	0	0	0	16	10	0	0	0	0	0	0
fsh-generated/resources/Condition-condition-marfan-suspected.json	1644	2	0	0	0	0	0	0	1	2	0	0	0	0	0	0	0	0	0	0	0	16	8	0	0	0	0	0	0
fsh-generated/resources/Condition-condition-pku-diagnosis.json	1925	2	0	0	0	0	0	0	0	2	0	0	0	0	0	0	0	0	0	0	0	16	10	0	0	0	0	0	0
fsh-generated/resources/Condition-condition-sma-clinical.json	2223	2	0	0	0	0	0	0	0	2	0	0	0	0	0	0	0	0	0	0	0	20	12	0	0	0	0	0	0
fsh-generated/resources/Condition-condition-sma-genetic.json	2530	2	0	0	1	0	0	0	0	2	0	0	0	0	0	0	0	0	0	0	0	20	14	0	0	0	0	0	0
fsh-generated/resources/Condition-condition-sma-suspected.json	1843	1	0	0	0	0	0	0	0	2	0	0	0	0	0	0	0	0	0	0	0	17	10	0	0	0	0	0	0
fsh-generated/resources/Condition-example-brca1-genetic-diagnosis.json	2509	2	0	0	0	0	0	0	0	2	0	0	0	0	0	0	0	0	0	0	0	17	11	0	0	0	0	0	0
fsh-generated/resources/Condition-example-cf-clinical.json	2595	2	0	0	0	0	0	0	0	2	0	0	0	0	0	0	0	0	0	0	0	18	13	0	0	0	0	0	0
fsh-generated/resources/Condition-example-cf-excluded-after-screening.json	1993	2	0	0	0	0	0	0	1	3	0	0	0	0	0	0	0	0	0	0	0	30	9	0	0	0	0	0	0
fsh-generated/resources/Condition-example-cf-genetic.json	2322	3	0	0	0	0	0	0	0	2	0	0	0	0	0	0	0	0	0	0	0	21	10	0	0	0	0	0	0
fsh-generated/resources/Condition-example-dmd-excluded-bmd-confirmed.json	2031	1	0	0	0	0	0	0	0	3	0	0	0	0	0	0	0	0	0	0	0	18	10	0	0	0	0	0	0
fsh-generated/resources/Condition-example-dmd-genetic-diagnosis.json	2458	5	0	0	0	0	0	0	0	2	0	0	0	0	0	0	0	0	0	0	0	18	11	0	0	0	0	0	0
fsh-generated/resources/Condition-example-eds-excluded-clinical.json	1853	4	0	0	0	0	0	0	0	3	0	0	0	0	0	0	0	0	0	0	0	17	9	0	0	0	0	0	0
fsh-generated/resources/Condition-example-marfan-clinical-diagnosis.json	3428	3	0	0	0	0	0	0	0	3	0	0	0	0	0	0	0	0	0	0	0	18	16	0	0	0	0	0	0
fsh-generated/resources/Condition-example-marfan-excluded-clinical.json	2138	2	0	0	0	0	0	0	0	3	0	0	0	0	0	0	0	0	0	0	0	18	14	0	0	0	0	0	0
fsh-generated/resources/Condition-example-metabolic-myopathy-excluded.json	2123	2	0	0	0	0	0	0	1	3	0	0	0	0	0	0	0	0	0	0	0	18	11	0	0	0	0	0	0
fsh-generated/resources/Condition-example-noonan-clinical-diagnosis.json	3031	2	0	0	0	0	0	0	0	2	0	0	0	0	0	0	0	0	0	0	0	18	14	0	0	0	0	0	1
fsh-generated/resources/Condition-example-sma-excluded-genetic.json	2173	3	0	0	0	0	0	0	0	2	0	0	0	0	0	0	0	0	0	0	0	17	11	0	0	0	0	0	0
fsh-generated/resources/Condition-example-sma-genetic-diagnosis.json	2586	2	0	0	0	0	0	0	0	3	0	0	0	0	0	0	0	0	0	0	0	18	13	0	0	0	0	0	0
fsh-generated/resources/Condition-mii-exa-seltene-symptom-condition.json	2420	3	0	0	0	0	0	0	0	463	0	0	0	0	0	0	0	0	0	0	0	18	14	0	0	0	0	0	0
fsh-generated/resources/DiagnosticReport-molgen-brca-panel.json	1150	2	0	0	0	0	0	0	0	1	0	0	0	0	0	0	0	0	0	0	0	15	13	0	0	0	0	0	0
fsh-generated/resources/DiagnosticReport-molgen-cf-diagnostic.json	1081	2	0	0	0	0	0	0	0	1	0	0	0	0	0	0	0	0	0	0	0	15	9	0	0	0	0	0	0
fsh-generated/resources/DiagnosticReport-molgen-diagnostic-dmd.json	1089	2	0	0	0	0	0	0	0	1	0	0	0	0	0	0	0	0	0	0	0	15	8	0	0	0	0	0	0
fsh-generated/resources/DiagnosticReport-molgen-diagnostic-implication-sma.json	1048	2	0	0	1	0	0	0	1	1	0	0	0	0	0	0	0	0	0	0	0	15	9	0	0	0	0	0	0
fsh-generated/resources/DiagnosticReport-molgen-sma-negative.json	959	2	0	0	0	0	0	0	0	0	0	0	0	0	0	0	0	0	0	0	0	15	8	0	0	0	0	0	0
fsh-generated/resources/Encounter-encounter-ambulant-001.json	897	2	0	0	0	0	0	0	0	1	0	0	0	0	0	0	0	0	0	0	0	14	9	0	0	0	0	0	0
fsh-generated/resources/Encounter-encounter-cardiology.json	1162	2	0	0	0	0	0	0	0	1	0	0	0	0	0	0	0	1	0	0	0	14	9	0	0	0	0	0	0
fsh-generated/resources/Encounter-encounter-cataract-surgery.json	928	2	0	0	0	0	0	0	0	2	0	0	0	0	0	0	0	0	0	0	0	14	8	0	0	0	0	0	0
fsh-generated/resources/Encounter-encounter-nachsorge-001.json	670	2	0	0	0	0	0	0	0	1	0	0	0	0	0	0	0	0	0	0	0	14	9	0	0	0	0	0	0
fsh-generated/resources/Encounter-encounter-ophthalmology.json	914	1	0	0	0	0	0	0	0	1	0	0	0	0	0	0	0	0	0	0	0	14	9	0	0	0	0	0	0
fsh-generated/resources/Encounter-encounter-screening-001.json	635	2	0	0	0	0	0	0	0	1	0	0	0	0	0	0	0	0	0	0	0	12	8	0	0	0	0	0	0
fsh-generated/resources/Encounter-encounter-stationaer-001.json	901	2	0	0	0	0	0	0	0	1	0	0	0	0	0	0	0	0	0	0	0	14	8	0	0	0	0	0	0
fsh-generated/resources/Encounter-encounter-surgery-planned.json	1008	2	0	0	0	0	0	0	0	1	0	0	0	0	0	0	0	0	0	0	0	15	9	0	0	0	0	0	0
fsh-generated/resources/FamilyMemberHistory-family-history-001.json	1187	2	0	0	0	0	0	0	0	1	0	0	0	0	0	0	0	0	0	0	0	14	7	0	0	0	0	0	0
fsh-generated/resources/FamilyMemberHistory-mii-exa-seltene-familienanamnese.json	1860	2	0	0	0	0	0	0	0	4478	0	0	0	0	0	0	0	0	0	0	0	16	9	0	0	0	0	0	0
fsh-generated/resources/MedicationRequest-mii-exa-seltene-therapieempfehlung-gentherapie-sma.json	1391	3	0	0	0	0	0	0	0	2	0	0	0	0	0	0	0	0	0	0	0	15	15	0	0	0	0	0	0
fsh-generated/resources/MedicationRequest-mii-exa-seltene-therapieempfehlung-losartan-marfan.json	1752	2	0	0	0	0	0	0	1	445	0	0	0	0	0	0	0	0	0	0	0	16	12	0	0	0	0	0	0
fsh-generated/resources/MedicationStatement-medication-losartan.json	1368	4	0	0	0	0	0	0	0	445	0	0	0	0	0	0	0	0	0	0	0	14	11	0	0	0	0	0	0
fsh-generated/resources/Observation-anteverted-nares.json	1427	3	0	0	0	0	0	0	0	1	0	0	0	0	0	0	0	0	0	0	0	15	9	0	0	0	0	0	0
fsh-generated/resources/Observation-aortic-root-dilatation.json	1824	3	0	0	0	0	0	0	0	2	0	0	0	0	0	0	0	0	0	0	0	15	9	0	0	0	0	0	0
fsh-generated/resources/Observation-aortic-root-normal.json	1058	3	0	0	0	0	0	0	0	433	0	0	0	0	0	0	0	0	0	0	0	14	8	0	0	0	0	0	0
fsh-generated/resources/Observation-arachnodactyly.json	1640	3	0	0	0	0	0	0	0	2	0	0	0	0	0	0	0	0	0	0	0	14	9	0	0	0	0	0	0
fsh-generated/resources/Observation-chronic-diarrhea.json	1620	2	0	0	0	0	0	0	0	1	0	0	0	0	0	0	0	0	0	0	0	15	9	0	0	0	0	0	0
fsh-generated/resources/Observation-failure-to-thrive.json	1632	3	0	0	0	0	0	0	0	2	0	0	0	0	0	0	0	0	0	0	0	15	9	0	0	0	0	0	0
fsh-generated/resources/Observation-hypertelorism.json	1622	2	0	0	0	0	0	0	0	1	0	0	0	0	0	0	0	0	0	0	0	15	8	0	0	0	0	0	0
fsh-generated/resources/Observation-lens-dislocation.json	1717	3	0	0	0	0	0	0	1	1	0	0	0	0	0	0	0	0	0	0	0	15	8	0	0	0	0	0	0
fsh-generated/resources/Observation-lymphedema.json	1788	2	0	0	0	0	0	0	0	1	0	0	0	0	0	0	0	0	0	0	0	16	9	0	0	0	0	0	0
fsh-generated/resources/Observation-mii-exa-seltene-bodymassindex.json	941	3	0	0	0	0	0	0	0	445	0	0	0	0	0	0	0	0	0	0	0	14	7	0	0	0	0	0	0
fsh-generated/resources/Observation-mii-exa-seltene-consanguinity.json	944	2	0	0	0	0	0	0	0	1	0	0	0	0	0	0	0	0	0	0	0	15	10	0	0	0	0	0	0
fsh-generated/resources/Observation-mii-exa-seltene-hpo-assessment-change-status.json	1450	4	0	0	0	0	0	0	0	1	0	0	0	0	0	0	0	0	0	0	0	15	9	0	0	0	0	0	0
fsh-generated/resources/Observation-mii-exa-seltene-hpo-assessment-excluded.json	1213	3	0	0	0	0	0	0	0	1	0	0	0	0	0	0	0	0	0	0	0	14	8	0	0	0	0	0	0
fsh-generated/resources/Observation-mii-exa-seltene-hpo-assessment-severity.json	1619	3	0	0	0	0	0	0	0	2	0	0	0	0	0	0	0	0	0	0	0	16	8	0	0	0	0	0	1
fsh-generated/resources/Observation-mii-exa-seltene-hpo-assessment.json	1139	2	0	0	0	0	0	0	0	1	0	0	0	0	0	0	0	0	0	0	0	14	9	0	0	0	0	0	0
fsh-generated/resources/Observation-mii-exa-seltene-hueftumfang.json	961	3	0	0	0	0	0	0	0	463	0	0	0	0	0	0	0	0	0	0	0	14	7	0	0	0	0	0	0
fsh-generated/resources/Observation-mii-exa-seltene-kopfumfang.json	1032	2	0	0	0	0	0	0	0	436	0	0	0	0	0	0	0	0	0	0	0	15	9	0	0	0	0	0	0
fsh-generated/resources/Observation-mii-exa-seltene-taillenumfang.json	951	2	0	0	0	0	0	0	0	446	0	0	0	0	0	0	0	0	0	0	0	14	7	0	0	0	0	0	0
fsh-generated/resources/Observation-molgen-smn1-normal-copies.json	1590	3	0	0	0	0	0	0	1	1	0	0	0	0	0	0	0	0	0	0	0	14	12	0	0	0	0	0	0
fsh-generated/resources/Observation-molgen-variant-brca1-pathogenic.json	3097	4	0	0	0	0	0	0	0	1	0	0	0	0	0	0	0	0	0	0	0	17	10	0	0	0	0	0	0
fsh-generated/resources/Observation-molgen-variant-cftr-f508del-homozygous.json	3107	3	0	0	0	0	0	0	0	1	0	0	0	0	0	0	0	0	0	0	0	18	8	0	0	0	0	0	0
fsh-generated/resources/Observation-molgen-variant-dmd-deletion-exon45-47.json	2729	3	0	0	0	0	0	0	0	1	0	0	0	0	0	0	0	0	0	0	0	17	9	0	0	0	0	0	0
fsh-generated/resources/Observation-molgen-variant-smn1-deletion.json	2751	3	0	0	0	0	0	0	0	1	0	0	0	0	0	0	0	0	0	0	0	16	8	0	0	0	0	0	0
fsh-generated/resources/Observation-observation-alt-001.json	895	3	0	0	0	0	0	0	0	0	0	0	0	0	0	0	0	0	0	0	0	13	9	0	0	0	0	0	0
fsh-generated/resources/Observation-observation-ast-001.json	897	2	0	0	0	0	0	0	1	1	0	0	0	0	0	0	0	0	0	0	0	13	8	0	0	0	0	0	0
fsh-generated/resources/Observation-observation-echo-aortic.json	1068	3	0	0	0	0	0	0	0	442	0	0	0	0	0	0	0	0	0	0	0	13	7	0	0	0	0	0	0
fsh-generated/resources/Observation-observation-echo-av.json	1021	2	0	0	0	0	0	0	0	1	0	0	0	0	0	0	0	0	0	0	0	12	6	0	0	0	0	0	0
fsh-generated/resources/Observation-observation-echo-mv.json	1020	3	0	0	0	0	0	0	0	1	0	0	0	0	0	0	0	0	0	0	0	13	7	0	0	0	0	0	0
fsh-generated/resources/Observation-observation-height-001.json	1372	2	0	0	0	0	0	0	0	444	0	0	0	0	0	0	0	0	0	0	0	13	8	0	0	0	0	0	0
fsh-generated/resources/Observation-observation-leg-asymmetry.json	1425	3	0	0	0	0	0	0	0	1	0	0	0	0	0	0	0	0	0	0	0	14	8	0	0	0	0	0	0
fsh-generated/resources/Observation-observation-plt-001.json	871	2	0	0	0	0	0	0	0	1	0	0	0	0	0	0	0	0	0	0	0	13	8	0	0	0	0	0	0
fsh-generated/resources/Observation-observation-sma-screening.json	2134	2	0	0	0	0	0	0	0	444	0	0	0	0	0	0	0	0	0	0	0	16	9	0	0	0	0	0	0
fsh-generated/resources/Observation-observation-troponin-001.json	928	2	0	0	0	0	0	0	0	459	0	0	0	0	0	0	0	0	0	0	0	12	7	0	0	0	0	0	0
fsh-generated/resources/Observation-observation-troponin-002.json	928	2	0	0	1	0	0	0	0	435	0	0	0	0	0	0	0	0	0	0	0	13	8	0	0	0	0	0	0
fsh-generated/resources/Observation-observation-troponin-003.json	928	2	0	0	0	0	0	0	0	437	0	0	0	0	0	0	0	0	0	0	0	13	7	0	0	0	0	0	0
fsh-generated/resources/Observation-observation-troponin-004.json	1036	2	0	0	0	0	0	0	0	445	0	0	0	0	0	0	0	0	0	0	0	13	7	0	0	0	0	0	0
fsh-generated/resources/Observation-recurrent-respiratory-infections.json	1691	1	0	0	0	0	0	0	1	2	0	0	0	0	0	0	0	0	0	0	0	16	10	0	0	0	0	0	0
fsh-generated/resources/Observation-symptom-aortic-regurg.json	1224	2	0	0	0	0	0	0	0	1	0	0	0	0	0	0	0	0	0	0	0	14	9	0	0	0	0	0	0
fsh-generated/resources/Observation-symptom-aortic-root.json	1220	2	0	0	0	0	0	0	0	446	0	0	0	0	0	0	0	0	0	0	0	14	8	0	0	0	0	0	0
fsh-generated/resources/Observation-symptom-cataract.json	1270	2	0	0	0	0	0	0	0	1	0	0	0	0	0	0	0	0	0	0	0	14	8	0	0	0	0	0	0
fsh-generated/resources/Observation-symptom-chest-pain.json	1104	8	0	0	0	0	0	0	0	1	0	0	0	0	0	0	0	0	0	0	0	13	8	0	0	0	0	0	0
fsh-generated/resources/Observation-symptom-mitral-regurg.json	1219	3	0	0	0	0	0	0	0	0	0	0	0	0	0	0	0	0	0	0	0	13	8	0	0	0	0	0	0
fsh-generated/resources/Observation-tall-stature.json	1614	4	0	0	0	0	0	0	0	1	0	0	0	0	0	0	0	0	0	0	0	14	9	0	0	0	0	0	0
fsh-generated/resources/Observation-variant-fbn1-001.json	2516	4	0	0	0	0	0	0	0	1	0	0	0	0	0	0	0	0	0	0	0	16	11	0	0	0	0	0	1
fsh-generated/resources/Observation-variant-smn1-001.json	2359	3	0	0	0	0	0	0	0	2	0	0	0	0	0	0	0	0	0	0	0	16	14	0	0	0	0	0	0
fsh-generated/resources/Observation-variant-smn2-001.json	1234	3	0	0	0	0	0	0	1	1	0	0	0	0	0	0	0	0	0	0	0	13	12	0	0	0	0	0	0
fsh-generated/resources/Observation-vsd.json	1809	4	0	0	0	0	0	0	0	1	0	0	0	0	0	0	0	0	0	0	0	14	10	0	0	0	0	0	0
fsh-generated/resources/Patient-example.json	321	2	0	0	0	0	0	0	0	0	0	0	0	0	0	0	0	0	0	0	0	11	5	0	0	0	0	0	0
fsh-generated/resources/Patient-patient-marfan-001.json	259	2	0	0	0	0	0	0	0	1	0	0	0	0	0	0	0	0	0	0	0	11	5	0	0	0	0	0	0
fsh-generated/resources/Patient-patient-sma-001.json	258	1	0	0	0	0	0	0	0	0	0	0	0	0	0	0	0	0	0	0	0	12	4	0	0	0	0	0	0
fsh-generated/resources/Procedure-mii-exa-seltene-narse-gentherapie-sma.json	641	2	0	0	0	0	0	0	0	1	0	0	0	0	0	0	0	0	0	0	0	12	8	0	0	0	0	0	0
fsh-generated/resources/Procedure-mii-exa-seltene-narse-stoffwechseltherapie-pompe.json	713	1	0	0	0	0	0	0	0	0	0	0	0	0	0	0	0	0	0	0	0	12	7	0	0	0	0	0	0
fsh-generated/resources/Procedure-procedure-aortic-planned.json	1119	1	0	0	0	0	0	0	0	1	0	0	0	0	0	0	0	0	0	0	0	13	9	0	0	0	0	0	0
fsh-generated/resources/Procedure-procedure-cataract-surgery.json	1242	2	0	0	0	0	0	0	0	1	0	0	0	0	0	0	0	0	0	0	0	13	9	0	0	0	0	0	0
fsh-generated/resources/Procedure-procedure-gentherapy-001.json	971	1	0	0	0	0	0	0	0	1	0	0	0	0	0	0	0	0	0	0	0	12	9	0	0	0	0	0	0
fsh-generated/resources/ServiceRequest-example-early-detection-recommendation.json	1459	2	0	0	0	0	0	0	0	2	0	0	0	0	0	0	0	0	0	0	0	15	15	0	0	0	0	0	0
fsh-generated/resources/ServiceRequest-example-nutrition-therapy-recommendation.json	1485	2	0	0	0	0	0	0	0	2	0	0	0	0	0	0	0	0	0	0	0	14	8	0	0	0	0	0	0
fsh-generated/resources/ServiceRequest-mii-exa-seltene-therapieempfehlung-aortenwurzelersatz-marfan.json	1892	2	0	0	0	0	0	0	0	1	0	0	0	0	0	0	0	0	0	0	0	14	9	0	0	0	0	0	0
fsh-generated/resources/ServiceRequest-mii-exa-seltene-therapieempfehlung-genetische-beratung.json	1533	1	0	0	0	0	0	0	0	1	0	0	0	0	0	0	0	0	0	0	0	14	8	0	0	0	0	0	0
fsh-generated/resources/ServiceRequest-mii-exa-seltene-therapieempfehlung-physiotherapie-sma.json	1670	2	0	0	0	0	0	0	1	1	0	0	0	0	0	0	0	0	0	0	0	15	8	0	0	0	0	0	0
fsh-generated/resources/StructureDefinition-mii-ex-seltene-age-of-onset.json	2111	3	0	22	0	0	0	0	0	61	0	0	0	0	1	0	0	0	0	0	0	40	637	0	0	0	2	0	0
fsh-generated/resources/StructureDefinition-mii-ex-seltene-empfehlung-evidenzgraduierung.json	3285	4	0	36	0	0	0	0	0	28	0	0	0	0	0	0	0	1	0	0	0	91	402	0	0	0	3	0	1
fsh-generated/resources/StructureDefinition-mii-ex-seltene-empfehlung-prioritaet.json	2708	2	0	24	0	0	0	0	0	15	0	0	0	0	1	0	0	0	0	0	0	51	182	0	0	0	1	0	0
fsh-generated/resources/StructureDefinition-mii-ex-seltene-empfehlung-publikation.json	3539	4	0	21	0	0	0	0	0	18	0	0	0	0	0	0	0	0	0	0	0	71	208	0	0	0	3	1	1
fsh-generated/resources/StructureDefinition-mii-ex-seltene-genetic-basis.json	2040	5	0	12	0	0	0	0	0	8	0	0	0	0	1	0	0	0	0	0	0	38	161	0	0	0	1	0	0
fsh-generated/resources/StructureDefinition-mii-ex-seltene-inheritance-pattern.json	2113	3	0	11	1	0	0	0	0	8	0	0	0	0	1	0	0	0	0	0	0	38	150	0	0	0	1	0	0
fsh-generated/resources/StructureDefinition-mii-ex-seltene-penetrance.json	3376	3	0	16	0	0	0	0	0	16	0	0	0	0	0	0	0	0	0	0	0	73	203	0	0	0	4	0	0
fsh-generated/resources/StructureDefinition-mii-ext-seltene-onset-age.json	2850	3	0	14	0	0	0	0	0	14	0	0	0	0	1	0	0	0	0	0	0	63	182	0	0	0	2	0	1
fsh-generated/resources/StructureDefinition-mii-ext-seltene-phenotypic-pattern.json	2268	2	0	11	0	0	0	0	0	8	0	0	0	0	0	0	0	0	0	0	0	38	150	0	0	0	1	0	0
fsh-generated/resources/StructureDefinition-mii-ext-seltene-syndrome-category.json	2112	3	0	11	0	0	0	0	0	9	0	0	0	0	1	0	0	0	0	0	0	39	144	0	0	0	1	0	0
fsh-generated/resources/StructureDefinition-mii-pr-seltene-blutgruppe.json	8585	5	0	54	0	0	0	0	0	63	0	0	0	0	0	0	0	1	0	0	0	309	2288	0	0	0	13	0	1
fsh-generated/resources/StructureDefinition-mii-pr-seltene-bodymassindex.json	4666	5	0	41	0	0	0	0	1	32	0	0	0	0	1	0	0	1	0	0	0	219	462	0	0	0	10	0	1
fsh-generated/resources/StructureDefinition-mii-pr-seltene-clinical-diagnosis.json	11941	6	0	120	0	0	0	0	0	75	0	0	1	0	1	0	0	2	0	0	0	621	37330	0	0	0	24	0	2
fsh-generated/resources/StructureDefinition-mii-pr-seltene-clinical-impression.json	11477	6	0	39	0	0	0	0	0	26	0	0	0	0	0	0	0	1	0	0	0	184	533	0	0	0	8	1	0
fsh-generated/resources/StructureDefinition-mii-pr-seltene-consanguinity.json	5402	4	0	49	0	0	0	0	0	30	0	0	0	0	1	0	0	0	0	0	0	247	1066	0	0	0	10	0	1
fsh-generated/resources/StructureDefinition-mii-pr-seltene-familienanamnese.json	11196	7	0	96	0	0	0	0	0	57	0	0	0	0	0	0	0	2	0	0	0	418	746	0	0	0	17	0	1
fsh-generated/resources/StructureDefinition-mii-pr-seltene-genetic-diagnosis.json	14124	6	0	82	0	0	0	0	0	70	0	0	1	0	1	0	0	2	0	0	0	630	1541	0	0	0	35	0	2
fsh-generated/resources/StructureDefinition-mii-pr-seltene-hpo-assessment.json	12374	6	0	51	0	0	0	0	0	52	0	0	0	0	1	0	0	1	0	0	0	347	4485	0	0	0	14	0	1
fsh-generated/resources/StructureDefinition-mii-pr-seltene-hueftumfang.json	4799	4	0	29	0	0	0	0	0	31	0	0	0	0	0	0	0	1	0	0	0	218	321	0	0	0	10	0	0
fsh-generated/resources/StructureDefinition-mii-pr-seltene-kopfumfang.json	3289	4	0	69	0	0	0	0	1	40	0	0	0	0	1	0	0	1	0	0	0	311	1379	0	0	0	13	1	1
fsh-generated/resources/StructureDefinition-mii-pr-seltene-studieneinschluss-anfrage.json	5448	4	0	25	0	0	0	0	0	25	0	0	0	0	0	0	0	1	0	0	0	191	548	0	0	0	9	0	0
fsh-generated/resources/StructureDefinition-mii-pr-seltene-symptom-condition.json	17312	6	0	40	0	0	0	0	0	39	0	0	0	0	0	0	0	0	0	0	0	331	4577	0	0	0	10	0	1
fsh-generated/resources/StructureDefinition-mii-pr-seltene-taillenumfang.json	4743	5	0	31	0	0	0	0	0	26	0	0	0	0	1	0	0	1	0	0	0	219	495	0	0	0	7	0	1
fsh-generated/resources/StructureDefinition-mii-pr-seltene-therapie-durchgefuehrt.json	3511	3	0	23	1	0	0	0	0	21	0	0	0	0	0	0	0	1	0	0	0	170	393	0	0	0	5	0	0
fsh-generated/resources/StructureDefinition-mii-pr-seltene-therapieempfehlung-kombination.json	5011	3	0	23	0	0	0	0	0	31	0	0	1	0	0	0	0	0	0	0	0	161	413	0	0	0	21	0	0
fsh-generated/resources/StructureDefinition-mii-pr-seltene-therapieempfehlung-nicht-medikamentoes.json	12236	5	0	122	0	0	0	0	0	41	0	0	0	0	1	0	0	1	0	0	0	320	691	0	0	0	12	0	1
fsh-generated/resources/StructureDefinition-mii-pr-seltene-therapieempfehlung.json	7629	5	0	134	0	0	0	0	0	82	0	0	0	0	0	0	0	3	0	0	0	856	1693	0	0	0	43	1	3
fsh-generated/resources/StructureDefinition-mii-pr-seltene-therapieplan.json	6782	4	0	50	0	0	0	0	1	47	0	0	0	0	0	0	0	2	0	0	0	374	568	0	0	0	15	0	1
fsh-generated/resources/StructureDefinition-von-seltene-betroffen.json	1640	3	0	6	0	0	0	0	0	8	0	0	0	0	1	0	0	0	0	0	0	39	128	0	0	0	2	0	0
fsh-generated/resources/ValueSet-mii-vs-seltene-blutgruppe.json	2570	2	0	0	0	0	0	0	0	1938	0	0	0	0	0	0	0	0	0	0	0	19	193	0	0	0	0	0	0
fsh-generated/resources/ValueSet-mii-vs-seltene-clinical-diagnosis-category.json	1569	1	0	0	0	0	0	0	0	904	0	0	0	0	1	0	0	0	0	0	0	17	2313	0	0	0	1	0	0
fsh-generated/resources/ValueSet-mii-vs-seltene-consanguinity.json	1275	2	0	0	0	0	0	0	0	457	0	0	0	0	0	0	0	0	0	0	0	16	57	0	0	0	0	0	0
fsh-generated/resources/ValueSet-mii-vs-seltene-empfehlung-status-begruendung.json	628	1	0	0	0	0	0	0	0	2	0	0	0	0	0	0	0	0	0	0	0	15	52	0	0	0	0	0	0
fsh-generated/resources/ValueSet-mii-vs-seltene-genetic-basis.json	1749	1	0	0	0	0	0	0	1	898	0	0	0	0	1	0	0	0	0	0	0	17	2278	0	0	0	0	0	0
fsh-generated/resources/ValueSet-mii-vs-seltene-hpo-age-of-onset.json	2075	1	0	0	0	0	0	0	0	1753	0	0	0	0	0	0	0	0	0	0	0	17	945	0	0	0	0	0	0
fsh-generated/resources/ValueSet-mii-vs-seltene-hpo-change-status.json	896	2	0	0	0	0	0	0	0	2	0	0	0	0	0	0	0	0	0	0	0	15	49	0	0	0	1	0	0
fsh-generated/resources/ValueSet-mii-vs-seltene-hpo-inheritance-pattern.json	2460	1	0	0	0	0	0	0	0	1355	0	0	0	0	1	0	0	0	0	0	0	19	2716	0	1	0	0	0	0
fsh-generated/resources/ValueSet-mii-vs-seltene-hpo-phenotypic-observation-codes.json	534	1	0	0	0	0	0	0	0	1	0	0	0	0	0	0	0	0	0	0	0	15	143	0	0	0	0	0	0
fsh-generated/resources/ValueSet-mii-vs-seltene-hpo-presence-status.json	843	1	0	0	0	0	0	0	0	466	0	0	0	0	0	0	0	0	0	0	0	15	51	0	0	0	0	0	0
fsh-generated/resources/ValueSet-mii-vs-seltene-hpo-severity.json	1083	1	0	0	0	0	0	0	0	519	0	0	0	0	1	0	0	0	0	0	0	15	72	0	0	0	1	0	0
fsh-generated/resources/ValueSet-mii-vs-seltene-narse-therapietyp.json	876	1	0	0	0	0	0	0	1	2	0	0	0	0	0	0	0	0	0	0	0	15	55	0	0	0	0	0	0
fsh-generated/resources/ValueSet-mii-vs-seltene-penetrance.json	1166	1	0	0	0	0	0	0	0	437	0	0	0	0	1	0	0	0	0	1	0	16	497	0	0	0	0	0	0
fsh-generated/resources/ValueSet-mii-vs-seltene-symptom-change-status-combined.json	2208	1	0	0	0	0	0	0	0	460	0	0	0	0	0	0	0	0	0	0	0	24	51	0	0	0	0	0	0
fsh-generated/resources/ValueSet-mii-vs-seltene-syndrome-category.json	1128	2	0	0	0	0	0	0	0	896	0	0	0	0	0	0	0	0	0	0	0	15	2311	0	0	0	1	0	0
fsh-generated/resources/ValueSet-mii-vs-seltene-therapieempfehlung-strategie-medikamentoes.json	1641	1	0	0	0	0	0	0	0	3	0	0	0	0	1	0	0	0	0	0	0	18	41	0	0	0	0	0	0
fsh-generated/resources/ValueSet-mii-vs-seltene-therapieempfehlung-strategie-nicht-medikamentoes.json	1499	1	0	0	0	0	1	0	0	3	0	0	0	0	0	0	0	0	0	0	0	17	39	0	0	0	0	0	0
fsh-generated/resources/ValueSet-mii-vs-seltene-therapieempfehlung-strategie.json	921	1	0	0	1	0	0	0	0	1	0	0	0	0	0	0	0	0	0	0	0	14	39	0	0	0	0	0	0
fsh-generated/resources/ValueSet-mii-vs-seltene-therapieempfehlung-typ.json	888	1	0	0	0	0	0	0	0	2	0	0	0	0	0	0	0	0	0	0	0	15	37	0	0	0	1	0	0
fsh-generated/resources/ValueSet-von-seltene-betroffen-vs.json	1470	1	0	0	0	0	0	0	0	459	0	0	0	0	1	0	0	0	0	0	0	16	523	0	0	0	0	0	0
/fsh-generated/includes/menu.xml	2991	-	-	-	0	0	0	0	0	0	0	0	0	0	0	0	0	0	0	0	0	0	1	0	0	0	0	0	0
/fsh-generated/includes/fsh-link-references.md	12726	-	-	-	0	0	0	0	0	0	0	0	0	0	0	0	0	0	0	0	0	0	1	0	0	0	0	0	0
/input/pagecontent/capability.md	2241	-	-	-	0	0	0	0	0	0	0	0	0	0	0	0	0	0	0	0	0	0	0	0	0	0	0	0	0
/input/pagecontent/information-model.md	403	-	-	-	0	0	0	0	0	0	0	0	0	0	0	0	0	0	0	0	0	0	0	0	0	0	0	0	0
/input/pagecontent/clinical-genetic-diagnosis-guide.md	11336	-	-	-	0	0	0	0	0	0	0	0	0	0	0	0	0	0	0	0	0	0	1	0	0	0	0	0	0
/input/pagecontent/references.md	4527	-	-	-	0	0	0	0	0	0	0	0	0	0	0	0	0	0	0	0	0	0	1	0	0	0	0	0	0
/input/pagecontent/datasets.md	487	-	-	-	0	0	0	0	0	0	0	0	0	0	0	0	0	0	0	0	0	0	0	0	0	0	0	0	0
/input/pagecontent/coding-best-practices.md	7845	-	-	-	0	0	0	0	0	0	0	0	0	0	0	0	0	0	0	0	0	0	1	0	0	0	0	0	0
/input/pagecontent/context.md	6693	-	-	-	0	0	0	0	0	0	0	0	0	0	0	0	0	0	0	0	0	0	0	0	0	0	0	0	0
/input/pagecontent/profiles-overview.md	1669	-	-	-	0	0	0	0	0	0	0	0	0	0	0	0	0	0	0	0	0	0	0	0	0	0	0	0	0
/input/pagecontent/marfan-example-annotations.md	9519	-	-	-	0	0	0	0	0	0	0	0	0	0	0	0	0	0	0	0	0	0	1	0	0	0	0	0	0
/input/pagecontent/module-description.md	7418	-	-	-	0	0	0	0	0	0	0	0	0	0	0	0	0	0	0	0	0	0	1	0	0	0	0	0	0
/input/pagecontent/release-notes.md	4267	-	-	-	0	0	0	0	0	0	0	0	0	0	0	0	0	0	0	0	0	0	0	0	0	0	0	0	0
/input/pagecontent/terminology.md	8722	-	-	-	0	0	0	0	0	0	0	0	0	0	0	0	0	0	0	0	0	0	1	0	0	0	0	0	0
/input/pagecontent/sma-example-annotations.md	8217	-	-	-	0	0	0	0	0	0	0	0	0	0	0	0	0	0	0	0	0	0	0	0	0	0	0	0	0
/input/pagecontent/scenarios.md	7660	-	-	-	0	0	0	0	0	0	0	0	0	0	0	0	0	0	0	0	0	0	1	0	0	0	0	0	0
/input/pagecontent/index.md	3043	-	-	-	0	0	0	0	0	0	0	0	0	0	0	0	0	0	0	0	0	0	0	0	0	0	0	0	0
/template/config	0	-	-	-	0	0	0	0	0	0	0	0	0	0	0	0	0	0	0	0	0	0	1	0	0	0	0	0	0
/template/config/_config.yml	140	-	-	-	0	0	0	0	0	0	0	0	0	0	0	0	0	0	0	0	0	0	0	0	0	0	0	0	0
/input/images	0	-	-	-	0	0	0	0	0	0	0	0	0	0	0	0	0	0	0	0	0	0	0	0	0	0	0	0	0
/input/images/MII_Datenmodell_Seltene_Erkrankungen_logisch.svg	43796	-	-	-	0	0	0	0	0	0	0	0	0	0	0	0	0	0	0	0	0	0	0	0	0	0	0	0	0
/temp/pages/_includes/artifacts.xml	99349	-	-	-	-	-	-	-	-	-	-	-	-	-	-	-	-	-	-	-	-	-	3	0	0	0	0	0	0
