"Id","Path","Slice Name","Alias(s)","Label","Min","Max","Must Support?","Is Modifier?","Is Summary?","Type(s)","Short","Definition","Comments","Requirements","Default Value","Meaning When Missing","Fixed Value","Pattern","Example","Minimum Value","Maximum Value","Maximum Length","Binding Strength","Binding Description","Binding Value Set","Code","Slicing Discriminator","Slicing Description","Slicing Ordered","Slicing Rules","Base Path","Base Min","Base Max","Condition(s)","Constraint(s)"
"Seltene","Seltene","","","",0,*,"","","","null {[]} {[]}
","MII LM SE","MII LogicalModel Modul Seltene Erkraknungen","","","","","","","","","",,,,,"",,,,"Element",0,*,"ele-1
","ele-1:All FHIR elements must have a @value or children {hasValue() or (children().count() > id.count())}
"
"Seltene.id","Seltene.id","","","",0,1,"","","","string {[]} {[]}
","Unique id for inter-element referencing","Unique id for the element within a resource (for internal references). This may be any string value that does not contain spaces.","","","","","","","","","",,,,,"",,,,"Element.id",0,1,"",""
"Seltene.extension","Seltene.extension","","extensions
user content","",0,*,"","","","Extension {[]} {[]}
","Additional content defined by implementations","May be used to represent additional information that is not part of the basic definition of the element. To make the use of extensions safe and manageable, there is a strict set of governance  applied to the definition and use of extensions. Though any implementer can define an extension, there is a set of requirements that SHALL be met as part of the definition of the extension.","There can be no stigma associated with the use of extensions by any application, project, or standard - regardless of the institution or jurisdiction that uses or defines the extensions.  The use of extensions is what allows the FHIR specification to retain a core level of simplicity for everyone.","","","","","","","","",,,,,"","value:url}
","Extensions are always sliced by (at least) url",,"open","Element.extension",0,*,"","ele-1:All FHIR elements must have a @value or children {hasValue() or (children().count() > id.count())}
ext-1:Must have either extensions or value[x], not both {extension.exists() != value.exists()}"
"Seltene.AnamneseUndDiagnostik","Seltene.AnamneseUndDiagnostik","","","",0,*,"","","","BackboneElement {[]} {[]}
","Diagnose","Diagnose","","","","","","","","","",,,,,"",,,,"Seltene.AnamneseUndDiagnostik",0,*,"","ele-1:All FHIR elements must have a @value or children {hasValue() or (children().count() > id.count())}
"
"Seltene.AnamneseUndDiagnostik.id","Seltene.AnamneseUndDiagnostik.id","","","",0,1,"","","","string {[]} {[]}
","Unique id for inter-element referencing","Unique id for the element within a resource (for internal references). This may be any string value that does not contain spaces.","","","","","","","","","",,,,,"",,,,"Element.id",0,1,"",""
"Seltene.AnamneseUndDiagnostik.extension","Seltene.AnamneseUndDiagnostik.extension","","extensions
user content","",0,*,"","","","Extension {[]} {[]}
","Additional content defined by implementations","May be used to represent additional information that is not part of the basic definition of the element. To make the use of extensions safe and manageable, there is a strict set of governance  applied to the definition and use of extensions. Though any implementer can define an extension, there is a set of requirements that SHALL be met as part of the definition of the extension.","There can be no stigma associated with the use of extensions by any application, project, or standard - regardless of the institution or jurisdiction that uses or defines the extensions.  The use of extensions is what allows the FHIR specification to retain a core level of simplicity for everyone.","","","","","","","","",,,,,"","value:url}
","Extensions are always sliced by (at least) url",,"open","Element.extension",0,*,"","ele-1:All FHIR elements must have a @value or children {hasValue() or (children().count() > id.count())}
ext-1:Must have either extensions or value[x], not both {extension.exists() != value.exists()}"
"Seltene.AnamneseUndDiagnostik.modifierExtension","Seltene.AnamneseUndDiagnostik.modifierExtension","","extensions
user contentmodifiers","",0,*,"","Y","Y","Extension {[]} {[]}
","Extensions that cannot be ignored even if unrecognized","May be used to represent additional information that is not part of the basic definition of the element and that modifies the understanding of the element in which it is contained and/or the understanding of the containing element's descendants. Usually modifier elements provide negation or qualification. To make the use of extensions safe and manageable, there is a strict set of governance applied to the definition and use of extensions. Though any implementer can define an extension, there is a set of requirements that SHALL be met as part of the definition of the extension. Applications processing a resource are required to check for modifier extensions.

Modifier extensions SHALL NOT change the meaning of any elements on Resource or DomainResource (including cannot change the meaning of modifierExtension itself).","There can be no stigma associated with the use of extensions by any application, project, or standard - regardless of the institution or jurisdiction that uses or defines the extensions.  The use of extensions is what allows the FHIR specification to retain a core level of simplicity for everyone.","Modifier extensions allow for extensions that *cannot* be safely ignored to be clearly distinguished from the vast majority of extensions which can be safely ignored.  This promotes interoperability by eliminating the need for implementers to prohibit the presence of extensions. For further information, see the [definition of modifier extensions](http://hl7.org/fhir/R4/extensibility.html#modifierExtension).","","","","","","","",,,,,"",,,,"BackboneElement.modifierExtension",0,*,"","ele-1:All FHIR elements must have a @value or children {hasValue() or (children().count() > id.count())}
ext-1:Must have either extensions or value[x], not both {extension.exists() != value.exists()}"
"Seltene.AnamneseUndDiagnostik.Untersuchungsdatum","Seltene.AnamneseUndDiagnostik.Untersuchungsdatum","","","",0,1,"","","","date {[]} {[]}
","Untersuchungsdatum","Datum der durchgeführten Untersuchung eines SE-Patienten.","","","","","","","","","",,,,,"",,,,"Seltene.AnamneseUndDiagnostik.Untersuchungsdatum",0,1,"",""
"Seltene.AnamneseUndDiagnostik.Untersuchungsanlass","Seltene.AnamneseUndDiagnostik.Untersuchungsanlass","","","",0,1,"","","","code {[]} {[]}
","Untersuchungsanlass","Grund fuer den Besuch des SE-Patienten.","","","","","","","","","",,,,,"",,,,"Seltene.AnamneseUndDiagnostik.Untersuchungsanlass",0,1,"",""
"Seltene.AnamneseUndDiagnostik.Phaenotypisierung","Seltene.AnamneseUndDiagnostik.Phaenotypisierung","","","",0,*,"","","","BackboneElement {[]} {[]}
","Phaenotypisierung","Phaenotypisierung","","","","","","","","","",,,,,"",,,,"Seltene.AnamneseUndDiagnostik.Phaenotypisierung",0,*,"","ele-1:All FHIR elements must have a @value or children {hasValue() or (children().count() > id.count())}
"
"Seltene.AnamneseUndDiagnostik.Phaenotypisierung.id","Seltene.AnamneseUndDiagnostik.Phaenotypisierung.id","","","",0,1,"","","","string {[]} {[]}
","Unique id for inter-element referencing","Unique id for the element within a resource (for internal references). This may be any string value that does not contain spaces.","","","","","","","","","",,,,,"",,,,"Element.id",0,1,"",""
"Seltene.AnamneseUndDiagnostik.Phaenotypisierung.extension","Seltene.AnamneseUndDiagnostik.Phaenotypisierung.extension","","extensions
user content","",0,*,"","","","Extension {[]} {[]}
","Additional content defined by implementations","May be used to represent additional information that is not part of the basic definition of the element. To make the use of extensions safe and manageable, there is a strict set of governance  applied to the definition and use of extensions. Though any implementer can define an extension, there is a set of requirements that SHALL be met as part of the definition of the extension.","There can be no stigma associated with the use of extensions by any application, project, or standard - regardless of the institution or jurisdiction that uses or defines the extensions.  The use of extensions is what allows the FHIR specification to retain a core level of simplicity for everyone.","","","","","","","","",,,,,"","value:url}
","Extensions are always sliced by (at least) url",,"open","Element.extension",0,*,"","ele-1:All FHIR elements must have a @value or children {hasValue() or (children().count() > id.count())}
ext-1:Must have either extensions or value[x], not both {extension.exists() != value.exists()}"
"Seltene.AnamneseUndDiagnostik.Phaenotypisierung.modifierExtension","Seltene.AnamneseUndDiagnostik.Phaenotypisierung.modifierExtension","","extensions
user contentmodifiers","",0,*,"","Y","Y","Extension {[]} {[]}
","Extensions that cannot be ignored even if unrecognized","May be used to represent additional information that is not part of the basic definition of the element and that modifies the understanding of the element in which it is contained and/or the understanding of the containing element's descendants. Usually modifier elements provide negation or qualification. To make the use of extensions safe and manageable, there is a strict set of governance applied to the definition and use of extensions. Though any implementer can define an extension, there is a set of requirements that SHALL be met as part of the definition of the extension. Applications processing a resource are required to check for modifier extensions.

Modifier extensions SHALL NOT change the meaning of any elements on Resource or DomainResource (including cannot change the meaning of modifierExtension itself).","There can be no stigma associated with the use of extensions by any application, project, or standard - regardless of the institution or jurisdiction that uses or defines the extensions.  The use of extensions is what allows the FHIR specification to retain a core level of simplicity for everyone.","Modifier extensions allow for extensions that *cannot* be safely ignored to be clearly distinguished from the vast majority of extensions which can be safely ignored.  This promotes interoperability by eliminating the need for implementers to prohibit the presence of extensions. For further information, see the [definition of modifier extensions](http://hl7.org/fhir/R4/extensibility.html#modifierExtension).","","","","","","","",,,,,"",,,,"BackboneElement.modifierExtension",0,*,"","ele-1:All FHIR elements must have a @value or children {hasValue() or (children().count() > id.count())}
ext-1:Must have either extensions or value[x], not both {extension.exists() != value.exists()}"
"Seltene.AnamneseUndDiagnostik.Phaenotypisierung.HPOTerm","Seltene.AnamneseUndDiagnostik.Phaenotypisierung.HPOTerm","","","",0,*,"","","","code {[]} {[]}
","HPO-Term des Symptoms","Phaenotypisierung des SE-Patienten mittels HPO-Term (Human Phenotype Ontology) oder anderer Terminologien (SNOMED CT, ICD-10, LOINC).","","","","","","","","","",,,,,"",,,,"Seltene.AnamneseUndDiagnostik.Phaenotypisierung.HPOTerm",0,*,"",""
"Seltene.AnamneseUndDiagnostik.Phaenotypisierung.HPOExcluded","Seltene.AnamneseUndDiagnostik.Phaenotypisierung.HPOExcluded","","","",0,1,"","","","boolean {[]} {[]}
","HPO-Term ausgeschlossen","Gibt an, ob das HPO-Merkmal explizit ausgeschlossen wurde (negated finding). Abgeleitet aus valueCodeableConcept: LOINC LA9634-2 'Absent' = true, LA9633-4 'Present' = false. Folgt HL7 Phenomics IG Muster.","","","","","","","","","",,,,,"",,,,"Seltene.AnamneseUndDiagnostik.Phaenotypisierung.HPOExcluded",0,1,"",""
"Seltene.AnamneseUndDiagnostik.Phaenotypisierung.HPOStatus","Seltene.AnamneseUndDiagnostik.Phaenotypisierung.HPOStatus","","","",0,1,"","","","code {[]} {[]}
","Status HPO-Term","Status oder Schweregrad des Phaenotyps (Present/Absent/Severity).","","","","","","","","","",,,,,"",,,,"Seltene.AnamneseUndDiagnostik.Phaenotypisierung.HPOStatus",0,1,"",""
"Seltene.AnamneseUndDiagnostik.Phaenotypisierung.HPOVersion","Seltene.AnamneseUndDiagnostik.Phaenotypisierung.HPOVersion","","","",0,1,"","","","code {[]} {[]}
","Version HPO-Term","Kennzeichnung der genutzten Version des ausgewaehlten HPO-Terms.","","","","","","","","","",,,,,"",,,,"Seltene.AnamneseUndDiagnostik.Phaenotypisierung.HPOVersion",0,1,"",""
"Seltene.AnamneseUndDiagnostik.Phaenotypisierung.ZeitraumSymptom","Seltene.AnamneseUndDiagnostik.Phaenotypisierung.ZeitraumSymptom","","","",0,*,"","","","BackboneElement {[]} {[]}
","Zeitraum des Symptom","Zeitraum des Symptom","","","","","","","","","",,,,,"",,,,"Seltene.AnamneseUndDiagnostik.Phaenotypisierung.ZeitraumSymptom",0,*,"","ele-1:All FHIR elements must have a @value or children {hasValue() or (children().count() > id.count())}
"
"Seltene.AnamneseUndDiagnostik.Phaenotypisierung.ZeitraumSymptom.id","Seltene.AnamneseUndDiagnostik.Phaenotypisierung.ZeitraumSymptom.id","","","",0,1,"","","","string {[]} {[]}
","Unique id for inter-element referencing","Unique id for the element within a resource (for internal references). This may be any string value that does not contain spaces.","","","","","","","","","",,,,,"",,,,"Element.id",0,1,"",""
"Seltene.AnamneseUndDiagnostik.Phaenotypisierung.ZeitraumSymptom.extension","Seltene.AnamneseUndDiagnostik.Phaenotypisierung.ZeitraumSymptom.extension","","extensions
user content","",0,*,"","","","Extension {[]} {[]}
","Additional content defined by implementations","May be used to represent additional information that is not part of the basic definition of the element. To make the use of extensions safe and manageable, there is a strict set of governance  applied to the definition and use of extensions. Though any implementer can define an extension, there is a set of requirements that SHALL be met as part of the definition of the extension.","There can be no stigma associated with the use of extensions by any application, project, or standard - regardless of the institution or jurisdiction that uses or defines the extensions.  The use of extensions is what allows the FHIR specification to retain a core level of simplicity for everyone.","","","","","","","","",,,,,"","value:url}
","Extensions are always sliced by (at least) url",,"open","Element.extension",0,*,"","ele-1:All FHIR elements must have a @value or children {hasValue() or (children().count() > id.count())}
ext-1:Must have either extensions or value[x], not both {extension.exists() != value.exists()}"
"Seltene.AnamneseUndDiagnostik.Phaenotypisierung.ZeitraumSymptom.modifierExtension","Seltene.AnamneseUndDiagnostik.Phaenotypisierung.ZeitraumSymptom.modifierExtension","","extensions
user contentmodifiers","",0,*,"","Y","Y","Extension {[]} {[]}
","Extensions that cannot be ignored even if unrecognized","May be used to represent additional information that is not part of the basic definition of the element and that modifies the understanding of the element in which it is contained and/or the understanding of the containing element's descendants. Usually modifier elements provide negation or qualification. To make the use of extensions safe and manageable, there is a strict set of governance applied to the definition and use of extensions. Though any implementer can define an extension, there is a set of requirements that SHALL be met as part of the definition of the extension. Applications processing a resource are required to check for modifier extensions.

Modifier extensions SHALL NOT change the meaning of any elements on Resource or DomainResource (including cannot change the meaning of modifierExtension itself).","There can be no stigma associated with the use of extensions by any application, project, or standard - regardless of the institution or jurisdiction that uses or defines the extensions.  The use of extensions is what allows the FHIR specification to retain a core level of simplicity for everyone.","Modifier extensions allow for extensions that *cannot* be safely ignored to be clearly distinguished from the vast majority of extensions which can be safely ignored.  This promotes interoperability by eliminating the need for implementers to prohibit the presence of extensions. For further information, see the [definition of modifier extensions](http://hl7.org/fhir/R4/extensibility.html#modifierExtension).","","","","","","","",,,,,"",,,,"BackboneElement.modifierExtension",0,*,"","ele-1:All FHIR elements must have a @value or children {hasValue() or (children().count() > id.count())}
ext-1:Must have either extensions or value[x], not both {extension.exists() != value.exists()}"
"Seltene.AnamneseUndDiagnostik.Phaenotypisierung.ZeitraumSymptom.ZeitraumSymptom","Seltene.AnamneseUndDiagnostik.Phaenotypisierung.ZeitraumSymptom.ZeitraumSymptom","","","",0,*,"","","","dateTime {[]} {[]}
","Startdatum des Symptoms","Startdatum und bei Bedarf Periode der ersten Symptome/Anzeichen.","","","","","","","","","",,,,,"",,,,"Seltene.AnamneseUndDiagnostik.Phaenotypisierung.ZeitraumSymptom.ZeitraumSymptom",0,*,"",""
"Seltene.AnamneseUndDiagnostik.Phaenotypisierung.ZeitraumSymptom.Lebensphase","Seltene.AnamneseUndDiagnostik.Phaenotypisierung.ZeitraumSymptom.Lebensphase","","","",0,*,"","","","code {[]} {[]}
","Lebensphase Symptom","Lebensphase, in der das Symptom aufgetreten ist.","","","","","","","","","",,,,,"",,,,"Seltene.AnamneseUndDiagnostik.Phaenotypisierung.ZeitraumSymptom.Lebensphase",0,*,"",""
"Seltene.AnamneseUndDiagnostik.Phaenotypisierung.ZeitraumSymptom.AlterSymptom","Seltene.AnamneseUndDiagnostik.Phaenotypisierung.ZeitraumSymptom.AlterSymptom","","","",0,1,"","","","integer {[]} {[]}
","Alter Symptom","Alter beim Auftreten der ersten Symptome/Anzeichen.","","","","","","","","","",,,,,"",,,,"Seltene.AnamneseUndDiagnostik.Phaenotypisierung.ZeitraumSymptom.AlterSymptom",0,1,"",""
"Seltene.AnamneseUndDiagnostik.Phaenotypisierung.VerlaufSymptom","Seltene.AnamneseUndDiagnostik.Phaenotypisierung.VerlaufSymptom","","","",0,1,"","","","code {[]} {[]}
","Verlauf Symptom","Aenderung des Verlaufs des Symptoms seit der vorherigen Untersuchung.","","","","","","","","","",,,,,"",,,,"Seltene.AnamneseUndDiagnostik.Phaenotypisierung.VerlaufSymptom",0,1,"",""
"Seltene.AnamneseUndDiagnostik.KlinischeDiagnose","Seltene.AnamneseUndDiagnostik.KlinischeDiagnose","","","",0,*,"","","","BackboneElement {[]} {[]}
","Zeitraum der klinischen SE-Diagnose","Zeitraum der klinischen SE-Diagnose","","","","","","","","","",,,,,"",,,,"Seltene.AnamneseUndDiagnostik.KlinischeDiagnose",0,*,"","ele-1:All FHIR elements must have a @value or children {hasValue() or (children().count() > id.count())}
"
"Seltene.AnamneseUndDiagnostik.KlinischeDiagnose.id","Seltene.AnamneseUndDiagnostik.KlinischeDiagnose.id","","","",0,1,"","","","string {[]} {[]}
","Unique id for inter-element referencing","Unique id for the element within a resource (for internal references). This may be any string value that does not contain spaces.","","","","","","","","","",,,,,"",,,,"Element.id",0,1,"",""
"Seltene.AnamneseUndDiagnostik.KlinischeDiagnose.extension","Seltene.AnamneseUndDiagnostik.KlinischeDiagnose.extension","","extensions
user content","",0,*,"","","","Extension {[]} {[]}
","Additional content defined by implementations","May be used to represent additional information that is not part of the basic definition of the element. To make the use of extensions safe and manageable, there is a strict set of governance  applied to the definition and use of extensions. Though any implementer can define an extension, there is a set of requirements that SHALL be met as part of the definition of the extension.","There can be no stigma associated with the use of extensions by any application, project, or standard - regardless of the institution or jurisdiction that uses or defines the extensions.  The use of extensions is what allows the FHIR specification to retain a core level of simplicity for everyone.","","","","","","","","",,,,,"","value:url}
","Extensions are always sliced by (at least) url",,"open","Element.extension",0,*,"","ele-1:All FHIR elements must have a @value or children {hasValue() or (children().count() > id.count())}
ext-1:Must have either extensions or value[x], not both {extension.exists() != value.exists()}"
"Seltene.AnamneseUndDiagnostik.KlinischeDiagnose.modifierExtension","Seltene.AnamneseUndDiagnostik.KlinischeDiagnose.modifierExtension","","extensions
user contentmodifiers","",0,*,"","Y","Y","Extension {[]} {[]}
","Extensions that cannot be ignored even if unrecognized","May be used to represent additional information that is not part of the basic definition of the element and that modifies the understanding of the element in which it is contained and/or the understanding of the containing element's descendants. Usually modifier elements provide negation or qualification. To make the use of extensions safe and manageable, there is a strict set of governance applied to the definition and use of extensions. Though any implementer can define an extension, there is a set of requirements that SHALL be met as part of the definition of the extension. Applications processing a resource are required to check for modifier extensions.

Modifier extensions SHALL NOT change the meaning of any elements on Resource or DomainResource (including cannot change the meaning of modifierExtension itself).","There can be no stigma associated with the use of extensions by any application, project, or standard - regardless of the institution or jurisdiction that uses or defines the extensions.  The use of extensions is what allows the FHIR specification to retain a core level of simplicity for everyone.","Modifier extensions allow for extensions that *cannot* be safely ignored to be clearly distinguished from the vast majority of extensions which can be safely ignored.  This promotes interoperability by eliminating the need for implementers to prohibit the presence of extensions. For further information, see the [definition of modifier extensions](http://hl7.org/fhir/R4/extensibility.html#modifierExtension).","","","","","","","",,,,,"",,,,"BackboneElement.modifierExtension",0,*,"","ele-1:All FHIR elements must have a @value or children {hasValue() or (children().count() > id.count())}
ext-1:Must have either extensions or value[x], not both {extension.exists() != value.exists()}"
"Seltene.AnamneseUndDiagnostik.KlinischeDiagnose.ZeitpunktKlinischeDia","Seltene.AnamneseUndDiagnostik.KlinischeDiagnose.ZeitpunktKlinischeDia","","","",0,1,"","","","code {[]} {[]}
","Zeitpunkt klinische SE-Diagnose","Auswahl der Altersangabe (Lebensphase) des Zeitpunktes der klinsichen SE-Diagnose.","","","","","","","","","",,,,,"",,,,"Seltene.AnamneseUndDiagnostik.KlinischeDiagnose.ZeitpunktKlinischeDia",0,1,"",""
"Seltene.AnamneseUndDiagnostik.KlinischeDiagnose.FeststellungsdatumKlinischeDia","Seltene.AnamneseUndDiagnostik.KlinischeDiagnose.FeststellungsdatumKlinischeDia","","","",0,1,"","","","date {[]} {[]}
","Feststellungsdatum klinische SE-Diagnose","Datum, an dem die klinische SE-Diagnose festgestellt wurde.","","","","","","","","","",,,,,"",,,,"Seltene.AnamneseUndDiagnostik.KlinischeDiagnose.FeststellungsdatumKlinischeDia",0,1,"",""
"Seltene.AnamneseUndDiagnostik.KlinischeDiagnose.AlterKlinischeDia","Seltene.AnamneseUndDiagnostik.KlinischeDiagnose.AlterKlinischeDia","","","",0,1,"","","","integer {[]} {[]}
","Alter bei klinischer SE-Diagnose","Alter, in dem die klinische SE-Diagnose gestellt wurde.","","","","","","","","","",,,,,"",,,,"Seltene.AnamneseUndDiagnostik.KlinischeDiagnose.AlterKlinischeDia",0,1,"",""
"Seltene.AnamneseUndDiagnostik.GenetischeDiagnose","Seltene.AnamneseUndDiagnostik.GenetischeDiagnose","","","",0,*,"","","","BackboneElement {[]} {[]}
","Zeitraum der genetischen SE-Diagnose","Zeitraum der genetischen SE-Diagnose","","","","","","","","","",,,,,"",,,,"Seltene.AnamneseUndDiagnostik.GenetischeDiagnose",0,*,"","ele-1:All FHIR elements must have a @value or children {hasValue() or (children().count() > id.count())}
"
"Seltene.AnamneseUndDiagnostik.GenetischeDiagnose.id","Seltene.AnamneseUndDiagnostik.GenetischeDiagnose.id","","","",0,1,"","","","string {[]} {[]}
","Unique id for inter-element referencing","Unique id for the element within a resource (for internal references). This may be any string value that does not contain spaces.","","","","","","","","","",,,,,"",,,,"Element.id",0,1,"",""
"Seltene.AnamneseUndDiagnostik.GenetischeDiagnose.extension","Seltene.AnamneseUndDiagnostik.GenetischeDiagnose.extension","","extensions
user content","",0,*,"","","","Extension {[]} {[]}
","Additional content defined by implementations","May be used to represent additional information that is not part of the basic definition of the element. To make the use of extensions safe and manageable, there is a strict set of governance  applied to the definition and use of extensions. Though any implementer can define an extension, there is a set of requirements that SHALL be met as part of the definition of the extension.","There can be no stigma associated with the use of extensions by any application, project, or standard - regardless of the institution or jurisdiction that uses or defines the extensions.  The use of extensions is what allows the FHIR specification to retain a core level of simplicity for everyone.","","","","","","","","",,,,,"","value:url}
","Extensions are always sliced by (at least) url",,"open","Element.extension",0,*,"","ele-1:All FHIR elements must have a @value or children {hasValue() or (children().count() > id.count())}
ext-1:Must have either extensions or value[x], not both {extension.exists() != value.exists()}"
"Seltene.AnamneseUndDiagnostik.GenetischeDiagnose.modifierExtension","Seltene.AnamneseUndDiagnostik.GenetischeDiagnose.modifierExtension","","extensions
user contentmodifiers","",0,*,"","Y","Y","Extension {[]} {[]}
","Extensions that cannot be ignored even if unrecognized","May be used to represent additional information that is not part of the basic definition of the element and that modifies the understanding of the element in which it is contained and/or the understanding of the containing element's descendants. Usually modifier elements provide negation or qualification. To make the use of extensions safe and manageable, there is a strict set of governance applied to the definition and use of extensions. Though any implementer can define an extension, there is a set of requirements that SHALL be met as part of the definition of the extension. Applications processing a resource are required to check for modifier extensions.

Modifier extensions SHALL NOT change the meaning of any elements on Resource or DomainResource (including cannot change the meaning of modifierExtension itself).","There can be no stigma associated with the use of extensions by any application, project, or standard - regardless of the institution or jurisdiction that uses or defines the extensions.  The use of extensions is what allows the FHIR specification to retain a core level of simplicity for everyone.","Modifier extensions allow for extensions that *cannot* be safely ignored to be clearly distinguished from the vast majority of extensions which can be safely ignored.  This promotes interoperability by eliminating the need for implementers to prohibit the presence of extensions. For further information, see the [definition of modifier extensions](http://hl7.org/fhir/R4/extensibility.html#modifierExtension).","","","","","","","",,,,,"",,,,"BackboneElement.modifierExtension",0,*,"","ele-1:All FHIR elements must have a @value or children {hasValue() or (children().count() > id.count())}
ext-1:Must have either extensions or value[x], not both {extension.exists() != value.exists()}"
"Seltene.AnamneseUndDiagnostik.GenetischeDiagnose.ZeitpunktGenDia","Seltene.AnamneseUndDiagnostik.GenetischeDiagnose.ZeitpunktGenDia","","","",0,1,"","","","code {[]} {[]}
","Zeitpunkt genetische SE-Diagnose","Auswahl der Altersangabe (Lebensphase) des Zeitpunktes der genetischen SE-Diagnose.","","","","","","","","","",,,,,"",,,,"Seltene.AnamneseUndDiagnostik.GenetischeDiagnose.ZeitpunktGenDia",0,1,"",""
"Seltene.AnamneseUndDiagnostik.GenetischeDiagnose.FeststellungsdatumGenDia","Seltene.AnamneseUndDiagnostik.GenetischeDiagnose.FeststellungsdatumGenDia","","","",0,1,"","","","date {[]} {[]}
","Feststellungsdatum genetische SE-Diagnose","Datum, an dem die genetische SE-Diagnose festgestellt wurde.","","","","","","","","","",,,,,"",,,,"Seltene.AnamneseUndDiagnostik.GenetischeDiagnose.FeststellungsdatumGenDia",0,1,"",""
"Seltene.AnamneseUndDiagnostik.GenetischeDiagnose.AlterGenDia","Seltene.AnamneseUndDiagnostik.GenetischeDiagnose.AlterGenDia","","","",0,1,"","","","integer {[]} {[]}
","Alter bei genetischer SE-Diagnose","Alter, in dem die genetische SE-Diagnose gestellt wurde.","","","","","","","","","",,,,,"",,,,"Seltene.AnamneseUndDiagnostik.GenetischeDiagnose.AlterGenDia",0,1,"",""
"Seltene.AnamneseUndDiagnostik.GenDiaFehlendePenetranz","Seltene.AnamneseUndDiagnostik.GenDiaFehlendePenetranz","","","",0,*,"","","","code {[]} {[]}
","Genetische Diagnose mit fehlender Penetranz","Gibt an, ob bei einer genetischen Diagnose die Penetranz (Wahrscheinlichkeit Genotyp bildet Phaenotyp aus) fehlt","","","","","","","","","",,,,,"",,,,"Seltene.AnamneseUndDiagnostik.GenDiaFehlendePenetranz",0,*,"",""
"Seltene.AnamneseUndDiagnostik.MethodeDiagnosestellung","Seltene.AnamneseUndDiagnostik.MethodeDiagnosestellung","","","",0,*,"","","","code {[]} {[]}
","Methode der Diagnosestellung","Gibt an, welche Methode zur Diagnosestellung verwendet wurde.","","","","","","","","","",,,,,"",,,,"Seltene.AnamneseUndDiagnostik.MethodeDiagnosestellung",0,*,"",""
"Seltene.KoerperlicheUntersuchung","Seltene.KoerperlicheUntersuchung","","","",0,*,"","","","BackboneElement {[]} {[]}
","Körperliche Untersuchung","Körperliche Untersuchung","","","","","","","","","",,,,,"",,,,"Seltene.KoerperlicheUntersuchung",0,*,"","ele-1:All FHIR elements must have a @value or children {hasValue() or (children().count() > id.count())}
"
"Seltene.KoerperlicheUntersuchung.id","Seltene.KoerperlicheUntersuchung.id","","","",0,1,"","","","string {[]} {[]}
","Unique id for inter-element referencing","Unique id for the element within a resource (for internal references). This may be any string value that does not contain spaces.","","","","","","","","","",,,,,"",,,,"Element.id",0,1,"",""
"Seltene.KoerperlicheUntersuchung.extension","Seltene.KoerperlicheUntersuchung.extension","","extensions
user content","",0,*,"","","","Extension {[]} {[]}
","Additional content defined by implementations","May be used to represent additional information that is not part of the basic definition of the element. To make the use of extensions safe and manageable, there is a strict set of governance  applied to the definition and use of extensions. Though any implementer can define an extension, there is a set of requirements that SHALL be met as part of the definition of the extension.","There can be no stigma associated with the use of extensions by any application, project, or standard - regardless of the institution or jurisdiction that uses or defines the extensions.  The use of extensions is what allows the FHIR specification to retain a core level of simplicity for everyone.","","","","","","","","",,,,,"","value:url}
","Extensions are always sliced by (at least) url",,"open","Element.extension",0,*,"","ele-1:All FHIR elements must have a @value or children {hasValue() or (children().count() > id.count())}
ext-1:Must have either extensions or value[x], not both {extension.exists() != value.exists()}"
"Seltene.KoerperlicheUntersuchung.modifierExtension","Seltene.KoerperlicheUntersuchung.modifierExtension","","extensions
user contentmodifiers","",0,*,"","Y","Y","Extension {[]} {[]}
","Extensions that cannot be ignored even if unrecognized","May be used to represent additional information that is not part of the basic definition of the element and that modifies the understanding of the element in which it is contained and/or the understanding of the containing element's descendants. Usually modifier elements provide negation or qualification. To make the use of extensions safe and manageable, there is a strict set of governance applied to the definition and use of extensions. Though any implementer can define an extension, there is a set of requirements that SHALL be met as part of the definition of the extension. Applications processing a resource are required to check for modifier extensions.

Modifier extensions SHALL NOT change the meaning of any elements on Resource or DomainResource (including cannot change the meaning of modifierExtension itself).","There can be no stigma associated with the use of extensions by any application, project, or standard - regardless of the institution or jurisdiction that uses or defines the extensions.  The use of extensions is what allows the FHIR specification to retain a core level of simplicity for everyone.","Modifier extensions allow for extensions that *cannot* be safely ignored to be clearly distinguished from the vast majority of extensions which can be safely ignored.  This promotes interoperability by eliminating the need for implementers to prohibit the presence of extensions. For further information, see the [definition of modifier extensions](http://hl7.org/fhir/R4/extensibility.html#modifierExtension).","","","","","","","",,,,,"",,,,"BackboneElement.modifierExtension",0,*,"","ele-1:All FHIR elements must have a @value or children {hasValue() or (children().count() > id.count())}
ext-1:Must have either extensions or value[x], not both {extension.exists() != value.exists()}"
"Seltene.KoerperlicheUntersuchung.Koerpergewicht","Seltene.KoerperlicheUntersuchung.Koerpergewicht","","","",0,*,"","","","BackboneElement {[]} {[]}
","Körpergewicht","Körpergewicht","","","","","","","","","",,,,,"",,,,"Seltene.KoerperlicheUntersuchung.Koerpergewicht",0,*,"","ele-1:All FHIR elements must have a @value or children {hasValue() or (children().count() > id.count())}
"
"Seltene.KoerperlicheUntersuchung.Koerpergewicht.id","Seltene.KoerperlicheUntersuchung.Koerpergewicht.id","","","",0,1,"","","","string {[]} {[]}
","Unique id for inter-element referencing","Unique id for the element within a resource (for internal references). This may be any string value that does not contain spaces.","","","","","","","","","",,,,,"",,,,"Element.id",0,1,"",""
"Seltene.KoerperlicheUntersuchung.Koerpergewicht.extension","Seltene.KoerperlicheUntersuchung.Koerpergewicht.extension","","extensions
user content","",0,*,"","","","Extension {[]} {[]}
","Additional content defined by implementations","May be used to represent additional information that is not part of the basic definition of the element. To make the use of extensions safe and manageable, there is a strict set of governance  applied to the definition and use of extensions. Though any implementer can define an extension, there is a set of requirements that SHALL be met as part of the definition of the extension.","There can be no stigma associated with the use of extensions by any application, project, or standard - regardless of the institution or jurisdiction that uses or defines the extensions.  The use of extensions is what allows the FHIR specification to retain a core level of simplicity for everyone.","","","","","","","","",,,,,"","value:url}
","Extensions are always sliced by (at least) url",,"open","Element.extension",0,*,"","ele-1:All FHIR elements must have a @value or children {hasValue() or (children().count() > id.count())}
ext-1:Must have either extensions or value[x], not both {extension.exists() != value.exists()}"
"Seltene.KoerperlicheUntersuchung.Koerpergewicht.modifierExtension","Seltene.KoerperlicheUntersuchung.Koerpergewicht.modifierExtension","","extensions
user contentmodifiers","",0,*,"","Y","Y","Extension {[]} {[]}
","Extensions that cannot be ignored even if unrecognized","May be used to represent additional information that is not part of the basic definition of the element and that modifies the understanding of the element in which it is contained and/or the understanding of the containing element's descendants. Usually modifier elements provide negation or qualification. To make the use of extensions safe and manageable, there is a strict set of governance applied to the definition and use of extensions. Though any implementer can define an extension, there is a set of requirements that SHALL be met as part of the definition of the extension. Applications processing a resource are required to check for modifier extensions.

Modifier extensions SHALL NOT change the meaning of any elements on Resource or DomainResource (including cannot change the meaning of modifierExtension itself).","There can be no stigma associated with the use of extensions by any application, project, or standard - regardless of the institution or jurisdiction that uses or defines the extensions.  The use of extensions is what allows the FHIR specification to retain a core level of simplicity for everyone.","Modifier extensions allow for extensions that *cannot* be safely ignored to be clearly distinguished from the vast majority of extensions which can be safely ignored.  This promotes interoperability by eliminating the need for implementers to prohibit the presence of extensions. For further information, see the [definition of modifier extensions](http://hl7.org/fhir/R4/extensibility.html#modifierExtension).","","","","","","","",,,,,"",,,,"BackboneElement.modifierExtension",0,*,"","ele-1:All FHIR elements must have a @value or children {hasValue() or (children().count() > id.count())}
ext-1:Must have either extensions or value[x], not both {extension.exists() != value.exists()}"
"Seltene.KoerperlicheUntersuchung.Koerpergewicht.Koerpergewicht","Seltene.KoerperlicheUntersuchung.Koerpergewicht.Koerpergewicht","","","",0,1,"","","","decimal {[]} {[]}
","Körpergewicht in kg","Körpergewicht des SE-Patienten in kg (aus MII ICU Modul).","","","","","","","","","",,,,,"",,,,"Seltene.KoerperlicheUntersuchung.Koerpergewicht.Koerpergewicht",0,1,"",""
"Seltene.KoerperlicheUntersuchung.Koerpergewicht.DatumKoerpergewicht","Seltene.KoerperlicheUntersuchung.Koerpergewicht.DatumKoerpergewicht","","","",0,1,"","","","dateTime {[]} {[]}
","Datum Körpergewicht","Datum der Körpergewichtsmessung.","","","","","","","","","",,,,,"",,,,"Seltene.KoerperlicheUntersuchung.Koerpergewicht.DatumKoerpergewicht",0,1,"",""
"Seltene.KoerperlicheUntersuchung.Koerpergroesse","Seltene.KoerperlicheUntersuchung.Koerpergroesse","","","",0,*,"","","","BackboneElement {[]} {[]}
","Körpergröße","Körpergröße","","","","","","","","","",,,,,"",,,,"Seltene.KoerperlicheUntersuchung.Koerpergroesse",0,*,"","ele-1:All FHIR elements must have a @value or children {hasValue() or (children().count() > id.count())}
"
"Seltene.KoerperlicheUntersuchung.Koerpergroesse.id","Seltene.KoerperlicheUntersuchung.Koerpergroesse.id","","","",0,1,"","","","string {[]} {[]}
","Unique id for inter-element referencing","Unique id for the element within a resource (for internal references). This may be any string value that does not contain spaces.","","","","","","","","","",,,,,"",,,,"Element.id",0,1,"",""
"Seltene.KoerperlicheUntersuchung.Koerpergroesse.extension","Seltene.KoerperlicheUntersuchung.Koerpergroesse.extension","","extensions
user content","",0,*,"","","","Extension {[]} {[]}
","Additional content defined by implementations","May be used to represent additional information that is not part of the basic definition of the element. To make the use of extensions safe and manageable, there is a strict set of governance  applied to the definition and use of extensions. Though any implementer can define an extension, there is a set of requirements that SHALL be met as part of the definition of the extension.","There can be no stigma associated with the use of extensions by any application, project, or standard - regardless of the institution or jurisdiction that uses or defines the extensions.  The use of extensions is what allows the FHIR specification to retain a core level of simplicity for everyone.","","","","","","","","",,,,,"","value:url}
","Extensions are always sliced by (at least) url",,"open","Element.extension",0,*,"","ele-1:All FHIR elements must have a @value or children {hasValue() or (children().count() > id.count())}
ext-1:Must have either extensions or value[x], not both {extension.exists() != value.exists()}"
"Seltene.KoerperlicheUntersuchung.Koerpergroesse.modifierExtension","Seltene.KoerperlicheUntersuchung.Koerpergroesse.modifierExtension","","extensions
user contentmodifiers","",0,*,"","Y","Y","Extension {[]} {[]}
","Extensions that cannot be ignored even if unrecognized","May be used to represent additional information that is not part of the basic definition of the element and that modifies the understanding of the element in which it is contained and/or the understanding of the containing element's descendants. Usually modifier elements provide negation or qualification. To make the use of extensions safe and manageable, there is a strict set of governance applied to the definition and use of extensions. Though any implementer can define an extension, there is a set of requirements that SHALL be met as part of the definition of the extension. Applications processing a resource are required to check for modifier extensions.

Modifier extensions SHALL NOT change the meaning of any elements on Resource or DomainResource (including cannot change the meaning of modifierExtension itself).","There can be no stigma associated with the use of extensions by any application, project, or standard - regardless of the institution or jurisdiction that uses or defines the extensions.  The use of extensions is what allows the FHIR specification to retain a core level of simplicity for everyone.","Modifier extensions allow for extensions that *cannot* be safely ignored to be clearly distinguished from the vast majority of extensions which can be safely ignored.  This promotes interoperability by eliminating the need for implementers to prohibit the presence of extensions. For further information, see the [definition of modifier extensions](http://hl7.org/fhir/R4/extensibility.html#modifierExtension).","","","","","","","",,,,,"",,,,"BackboneElement.modifierExtension",0,*,"","ele-1:All FHIR elements must have a @value or children {hasValue() or (children().count() > id.count())}
ext-1:Must have either extensions or value[x], not both {extension.exists() != value.exists()}"
"Seltene.KoerperlicheUntersuchung.Koerpergroesse.Koerpergroesse","Seltene.KoerperlicheUntersuchung.Koerpergroesse.Koerpergroesse","","","",0,1,"","","","decimal {[]} {[]}
","Körpergröße in cm","Körpergröße des SE-Patienten in cm (aus MII ICU Modul).","","","","","","","","","",,,,,"",,,,"Seltene.KoerperlicheUntersuchung.Koerpergroesse.Koerpergroesse",0,1,"",""
"Seltene.KoerperlicheUntersuchung.Koerpergroesse.DatumKoerpergroesse","Seltene.KoerperlicheUntersuchung.Koerpergroesse.DatumKoerpergroesse","","","",0,1,"","","","dateTime {[]} {[]}
","Datum Körpergröße","Datum der Körpergrößenmessung.","","","","","","","","","",,,,,"",,,,"Seltene.KoerperlicheUntersuchung.Koerpergroesse.DatumKoerpergroesse",0,1,"",""
"Seltene.KoerperlicheUntersuchung.BMI","Seltene.KoerperlicheUntersuchung.BMI","","","",0,*,"","","","BackboneElement {[]} {[]}
","BMI","BMI","","","","","","","","","",,,,,"",,,,"Seltene.KoerperlicheUntersuchung.BMI",0,*,"","ele-1:All FHIR elements must have a @value or children {hasValue() or (children().count() > id.count())}
"
"Seltene.KoerperlicheUntersuchung.BMI.id","Seltene.KoerperlicheUntersuchung.BMI.id","","","",0,1,"","","","string {[]} {[]}
","Unique id for inter-element referencing","Unique id for the element within a resource (for internal references). This may be any string value that does not contain spaces.","","","","","","","","","",,,,,"",,,,"Element.id",0,1,"",""
"Seltene.KoerperlicheUntersuchung.BMI.extension","Seltene.KoerperlicheUntersuchung.BMI.extension","","extensions
user content","",0,*,"","","","Extension {[]} {[]}
","Additional content defined by implementations","May be used to represent additional information that is not part of the basic definition of the element. To make the use of extensions safe and manageable, there is a strict set of governance  applied to the definition and use of extensions. Though any implementer can define an extension, there is a set of requirements that SHALL be met as part of the definition of the extension.","There can be no stigma associated with the use of extensions by any application, project, or standard - regardless of the institution or jurisdiction that uses or defines the extensions.  The use of extensions is what allows the FHIR specification to retain a core level of simplicity for everyone.","","","","","","","","",,,,,"","value:url}
","Extensions are always sliced by (at least) url",,"open","Element.extension",0,*,"","ele-1:All FHIR elements must have a @value or children {hasValue() or (children().count() > id.count())}
ext-1:Must have either extensions or value[x], not both {extension.exists() != value.exists()}"
"Seltene.KoerperlicheUntersuchung.BMI.modifierExtension","Seltene.KoerperlicheUntersuchung.BMI.modifierExtension","","extensions
user contentmodifiers","",0,*,"","Y","Y","Extension {[]} {[]}
","Extensions that cannot be ignored even if unrecognized","May be used to represent additional information that is not part of the basic definition of the element and that modifies the understanding of the element in which it is contained and/or the understanding of the containing element's descendants. Usually modifier elements provide negation or qualification. To make the use of extensions safe and manageable, there is a strict set of governance applied to the definition and use of extensions. Though any implementer can define an extension, there is a set of requirements that SHALL be met as part of the definition of the extension. Applications processing a resource are required to check for modifier extensions.

Modifier extensions SHALL NOT change the meaning of any elements on Resource or DomainResource (including cannot change the meaning of modifierExtension itself).","There can be no stigma associated with the use of extensions by any application, project, or standard - regardless of the institution or jurisdiction that uses or defines the extensions.  The use of extensions is what allows the FHIR specification to retain a core level of simplicity for everyone.","Modifier extensions allow for extensions that *cannot* be safely ignored to be clearly distinguished from the vast majority of extensions which can be safely ignored.  This promotes interoperability by eliminating the need for implementers to prohibit the presence of extensions. For further information, see the [definition of modifier extensions](http://hl7.org/fhir/R4/extensibility.html#modifierExtension).","","","","","","","",,,,,"",,,,"BackboneElement.modifierExtension",0,*,"","ele-1:All FHIR elements must have a @value or children {hasValue() or (children().count() > id.count())}
ext-1:Must have either extensions or value[x], not both {extension.exists() != value.exists()}"
"Seltene.KoerperlicheUntersuchung.BMI.BMI","Seltene.KoerperlicheUntersuchung.BMI.BMI","","","",0,1,"","","","decimal {[]} {[]}
","BMI SE-Patient","BMI des SE-Patienten.","","","","","","","","","",,,,,"",,,,"Seltene.KoerperlicheUntersuchung.BMI.BMI",0,1,"",""
"Seltene.KoerperlicheUntersuchung.BMI.DatumBMI","Seltene.KoerperlicheUntersuchung.BMI.DatumBMI","","","",0,1,"","","","dateTime {[]} {[]}
","Datum des BMI","Datum, an dem der BMI (Body Mass Index) berechnet wurde.","","","","","","","","","",,,,,"",,,,"Seltene.KoerperlicheUntersuchung.BMI.DatumBMI",0,1,"",""
"Seltene.KoerperlicheUntersuchung.Kopfumfang","Seltene.KoerperlicheUntersuchung.Kopfumfang","","","",0,*,"","","","BackboneElement {[]} {[]}
","Kopfumfang","Kopfumfang","","","","","","","","","",,,,,"",,,,"Seltene.KoerperlicheUntersuchung.Kopfumfang",0,*,"","ele-1:All FHIR elements must have a @value or children {hasValue() or (children().count() > id.count())}
"
"Seltene.KoerperlicheUntersuchung.Kopfumfang.id","Seltene.KoerperlicheUntersuchung.Kopfumfang.id","","","",0,1,"","","","string {[]} {[]}
","Unique id for inter-element referencing","Unique id for the element within a resource (for internal references). This may be any string value that does not contain spaces.","","","","","","","","","",,,,,"",,,,"Element.id",0,1,"",""
"Seltene.KoerperlicheUntersuchung.Kopfumfang.extension","Seltene.KoerperlicheUntersuchung.Kopfumfang.extension","","extensions
user content","",0,*,"","","","Extension {[]} {[]}
","Additional content defined by implementations","May be used to represent additional information that is not part of the basic definition of the element. To make the use of extensions safe and manageable, there is a strict set of governance  applied to the definition and use of extensions. Though any implementer can define an extension, there is a set of requirements that SHALL be met as part of the definition of the extension.","There can be no stigma associated with the use of extensions by any application, project, or standard - regardless of the institution or jurisdiction that uses or defines the extensions.  The use of extensions is what allows the FHIR specification to retain a core level of simplicity for everyone.","","","","","","","","",,,,,"","value:url}
","Extensions are always sliced by (at least) url",,"open","Element.extension",0,*,"","ele-1:All FHIR elements must have a @value or children {hasValue() or (children().count() > id.count())}
ext-1:Must have either extensions or value[x], not both {extension.exists() != value.exists()}"
"Seltene.KoerperlicheUntersuchung.Kopfumfang.modifierExtension","Seltene.KoerperlicheUntersuchung.Kopfumfang.modifierExtension","","extensions
user contentmodifiers","",0,*,"","Y","Y","Extension {[]} {[]}
","Extensions that cannot be ignored even if unrecognized","May be used to represent additional information that is not part of the basic definition of the element and that modifies the understanding of the element in which it is contained and/or the understanding of the containing element's descendants. Usually modifier elements provide negation or qualification. To make the use of extensions safe and manageable, there is a strict set of governance applied to the definition and use of extensions. Though any implementer can define an extension, there is a set of requirements that SHALL be met as part of the definition of the extension. Applications processing a resource are required to check for modifier extensions.

Modifier extensions SHALL NOT change the meaning of any elements on Resource or DomainResource (including cannot change the meaning of modifierExtension itself).","There can be no stigma associated with the use of extensions by any application, project, or standard - regardless of the institution or jurisdiction that uses or defines the extensions.  The use of extensions is what allows the FHIR specification to retain a core level of simplicity for everyone.","Modifier extensions allow for extensions that *cannot* be safely ignored to be clearly distinguished from the vast majority of extensions which can be safely ignored.  This promotes interoperability by eliminating the need for implementers to prohibit the presence of extensions. For further information, see the [definition of modifier extensions](http://hl7.org/fhir/R4/extensibility.html#modifierExtension).","","","","","","","",,,,,"",,,,"BackboneElement.modifierExtension",0,*,"","ele-1:All FHIR elements must have a @value or children {hasValue() or (children().count() > id.count())}
ext-1:Must have either extensions or value[x], not both {extension.exists() != value.exists()}"
"Seltene.KoerperlicheUntersuchung.Kopfumfang.Kopfumfang","Seltene.KoerperlicheUntersuchung.Kopfumfang.Kopfumfang","","","",0,1,"","","","decimal {[]} {[]}
","Kopfumfang in cm","Kopfumfang des SE-Patienten in cm.","","","","","","","","","",,,,,"",,,,"Seltene.KoerperlicheUntersuchung.Kopfumfang.Kopfumfang",0,1,"",""
"Seltene.KoerperlicheUntersuchung.Kopfumfang.DatumKopfumfang","Seltene.KoerperlicheUntersuchung.Kopfumfang.DatumKopfumfang","","","",0,1,"","","","dateTime {[]} {[]}
","Datum Kopfumfang","Datum der Kopfumfangsmessung.","","","","","","","","","",,,,,"",,,,"Seltene.KoerperlicheUntersuchung.Kopfumfang.DatumKopfumfang",0,1,"",""
"Seltene.KoerperlicheUntersuchung.Bauchumfang","Seltene.KoerperlicheUntersuchung.Bauchumfang","","","",0,*,"","","","BackboneElement {[]} {[]}
","Bauchumfang","Bauchumfang","","","","","","","","","",,,,,"",,,,"Seltene.KoerperlicheUntersuchung.Bauchumfang",0,*,"","ele-1:All FHIR elements must have a @value or children {hasValue() or (children().count() > id.count())}
"
"Seltene.KoerperlicheUntersuchung.Bauchumfang.id","Seltene.KoerperlicheUntersuchung.Bauchumfang.id","","","",0,1,"","","","string {[]} {[]}
","Unique id for inter-element referencing","Unique id for the element within a resource (for internal references). This may be any string value that does not contain spaces.","","","","","","","","","",,,,,"",,,,"Element.id",0,1,"",""
"Seltene.KoerperlicheUntersuchung.Bauchumfang.extension","Seltene.KoerperlicheUntersuchung.Bauchumfang.extension","","extensions
user content","",0,*,"","","","Extension {[]} {[]}
","Additional content defined by implementations","May be used to represent additional information that is not part of the basic definition of the element. To make the use of extensions safe and manageable, there is a strict set of governance  applied to the definition and use of extensions. Though any implementer can define an extension, there is a set of requirements that SHALL be met as part of the definition of the extension.","There can be no stigma associated with the use of extensions by any application, project, or standard - regardless of the institution or jurisdiction that uses or defines the extensions.  The use of extensions is what allows the FHIR specification to retain a core level of simplicity for everyone.","","","","","","","","",,,,,"","value:url}
","Extensions are always sliced by (at least) url",,"open","Element.extension",0,*,"","ele-1:All FHIR elements must have a @value or children {hasValue() or (children().count() > id.count())}
ext-1:Must have either extensions or value[x], not both {extension.exists() != value.exists()}"
"Seltene.KoerperlicheUntersuchung.Bauchumfang.modifierExtension","Seltene.KoerperlicheUntersuchung.Bauchumfang.modifierExtension","","extensions
user contentmodifiers","",0,*,"","Y","Y","Extension {[]} {[]}
","Extensions that cannot be ignored even if unrecognized","May be used to represent additional information that is not part of the basic definition of the element and that modifies the understanding of the element in which it is contained and/or the understanding of the containing element's descendants. Usually modifier elements provide negation or qualification. To make the use of extensions safe and manageable, there is a strict set of governance applied to the definition and use of extensions. Though any implementer can define an extension, there is a set of requirements that SHALL be met as part of the definition of the extension. Applications processing a resource are required to check for modifier extensions.

Modifier extensions SHALL NOT change the meaning of any elements on Resource or DomainResource (including cannot change the meaning of modifierExtension itself).","There can be no stigma associated with the use of extensions by any application, project, or standard - regardless of the institution or jurisdiction that uses or defines the extensions.  The use of extensions is what allows the FHIR specification to retain a core level of simplicity for everyone.","Modifier extensions allow for extensions that *cannot* be safely ignored to be clearly distinguished from the vast majority of extensions which can be safely ignored.  This promotes interoperability by eliminating the need for implementers to prohibit the presence of extensions. For further information, see the [definition of modifier extensions](http://hl7.org/fhir/R4/extensibility.html#modifierExtension).","","","","","","","",,,,,"",,,,"BackboneElement.modifierExtension",0,*,"","ele-1:All FHIR elements must have a @value or children {hasValue() or (children().count() > id.count())}
ext-1:Must have either extensions or value[x], not both {extension.exists() != value.exists()}"
"Seltene.KoerperlicheUntersuchung.Bauchumfang.Bauchumfang","Seltene.KoerperlicheUntersuchung.Bauchumfang.Bauchumfang","","","",0,1,"","","","decimal {[]} {[]}
","Bauchumfang in cm","Bauchumfang des SE-Patienten in cm.","","","","","","","","","",,,,,"",,,,"Seltene.KoerperlicheUntersuchung.Bauchumfang.Bauchumfang",0,1,"",""
"Seltene.KoerperlicheUntersuchung.Bauchumfang.DatumBauchumfang","Seltene.KoerperlicheUntersuchung.Bauchumfang.DatumBauchumfang","","","",0,1,"","","","dateTime {[]} {[]}
","Datum Bauchumfang","Datum der Bauchumfangsmessung.","","","","","","","","","",,,,,"",,,,"Seltene.KoerperlicheUntersuchung.Bauchumfang.DatumBauchumfang",0,1,"",""
"Seltene.KoerperlicheUntersuchung.Hueftumfang","Seltene.KoerperlicheUntersuchung.Hueftumfang","","","",0,*,"","","","BackboneElement {[]} {[]}
","Hüftumfang","Hüftumfang","","","","","","","","","",,,,,"",,,,"Seltene.KoerperlicheUntersuchung.Hueftumfang",0,*,"","ele-1:All FHIR elements must have a @value or children {hasValue() or (children().count() > id.count())}
"
"Seltene.KoerperlicheUntersuchung.Hueftumfang.id","Seltene.KoerperlicheUntersuchung.Hueftumfang.id","","","",0,1,"","","","string {[]} {[]}
","Unique id for inter-element referencing","Unique id for the element within a resource (for internal references). This may be any string value that does not contain spaces.","","","","","","","","","",,,,,"",,,,"Element.id",0,1,"",""
"Seltene.KoerperlicheUntersuchung.Hueftumfang.extension","Seltene.KoerperlicheUntersuchung.Hueftumfang.extension","","extensions
user content","",0,*,"","","","Extension {[]} {[]}
","Additional content defined by implementations","May be used to represent additional information that is not part of the basic definition of the element. To make the use of extensions safe and manageable, there is a strict set of governance  applied to the definition and use of extensions. Though any implementer can define an extension, there is a set of requirements that SHALL be met as part of the definition of the extension.","There can be no stigma associated with the use of extensions by any application, project, or standard - regardless of the institution or jurisdiction that uses or defines the extensions.  The use of extensions is what allows the FHIR specification to retain a core level of simplicity for everyone.","","","","","","","","",,,,,"","value:url}
","Extensions are always sliced by (at least) url",,"open","Element.extension",0,*,"","ele-1:All FHIR elements must have a @value or children {hasValue() or (children().count() > id.count())}
ext-1:Must have either extensions or value[x], not both {extension.exists() != value.exists()}"
"Seltene.KoerperlicheUntersuchung.Hueftumfang.modifierExtension","Seltene.KoerperlicheUntersuchung.Hueftumfang.modifierExtension","","extensions
user contentmodifiers","",0,*,"","Y","Y","Extension {[]} {[]}
","Extensions that cannot be ignored even if unrecognized","May be used to represent additional information that is not part of the basic definition of the element and that modifies the understanding of the element in which it is contained and/or the understanding of the containing element's descendants. Usually modifier elements provide negation or qualification. To make the use of extensions safe and manageable, there is a strict set of governance applied to the definition and use of extensions. Though any implementer can define an extension, there is a set of requirements that SHALL be met as part of the definition of the extension. Applications processing a resource are required to check for modifier extensions.

Modifier extensions SHALL NOT change the meaning of any elements on Resource or DomainResource (including cannot change the meaning of modifierExtension itself).","There can be no stigma associated with the use of extensions by any application, project, or standard - regardless of the institution or jurisdiction that uses or defines the extensions.  The use of extensions is what allows the FHIR specification to retain a core level of simplicity for everyone.","Modifier extensions allow for extensions that *cannot* be safely ignored to be clearly distinguished from the vast majority of extensions which can be safely ignored.  This promotes interoperability by eliminating the need for implementers to prohibit the presence of extensions. For further information, see the [definition of modifier extensions](http://hl7.org/fhir/R4/extensibility.html#modifierExtension).","","","","","","","",,,,,"",,,,"BackboneElement.modifierExtension",0,*,"","ele-1:All FHIR elements must have a @value or children {hasValue() or (children().count() > id.count())}
ext-1:Must have either extensions or value[x], not both {extension.exists() != value.exists()}"
"Seltene.KoerperlicheUntersuchung.Hueftumfang.Hueftumfang","Seltene.KoerperlicheUntersuchung.Hueftumfang.Hueftumfang","","","",0,1,"","","","decimal {[]} {[]}
","Hüftumfang in cm","Hüftumfang des SE-Patienten in cm.","","","","","","","","","",,,,,"",,,,"Seltene.KoerperlicheUntersuchung.Hueftumfang.Hueftumfang",0,1,"",""
"Seltene.KoerperlicheUntersuchung.Hueftumfang.DatumHueftumfang","Seltene.KoerperlicheUntersuchung.Hueftumfang.DatumHueftumfang","","","",0,1,"","","","dateTime {[]} {[]}
","Datum Hüftumfang","Datum der Hüftumfangsmessung.","","","","","","","","","",,,,,"",,,,"Seltene.KoerperlicheUntersuchung.Hueftumfang.DatumHueftumfang",0,1,"",""
"Seltene.KoerperlicheUntersuchung.Blutgruppe","Seltene.KoerperlicheUntersuchung.Blutgruppe","","","",0,1,"","","","code {[]} {[]}
","Blutgruppe","Blutgruppe des SE-Patienten (AB0 und Rhesusfaktor).","","","","","","","","","",,,,,"",,,,"Seltene.KoerperlicheUntersuchung.Blutgruppe",0,1,"",""
"Seltene.PersoenlicheInfosIndexpatient","Seltene.PersoenlicheInfosIndexpatient","","","",0,*,"","","","BackboneElement {[]} {[]}
","Persoenliche Informationen des Indexpatienten","Persoenliche Informationen des Indexpatienten","","","","","","","","","",,,,,"",,,,"Seltene.PersoenlicheInfosIndexpatient",0,*,"","ele-1:All FHIR elements must have a @value or children {hasValue() or (children().count() > id.count())}
"
"Seltene.PersoenlicheInfosIndexpatient.id","Seltene.PersoenlicheInfosIndexpatient.id","","","",0,1,"","","","string {[]} {[]}
","Unique id for inter-element referencing","Unique id for the element within a resource (for internal references). This may be any string value that does not contain spaces.","","","","","","","","","",,,,,"",,,,"Element.id",0,1,"",""
"Seltene.PersoenlicheInfosIndexpatient.extension","Seltene.PersoenlicheInfosIndexpatient.extension","","extensions
user content","",0,*,"","","","Extension {[]} {[]}
","Additional content defined by implementations","May be used to represent additional information that is not part of the basic definition of the element. To make the use of extensions safe and manageable, there is a strict set of governance  applied to the definition and use of extensions. Though any implementer can define an extension, there is a set of requirements that SHALL be met as part of the definition of the extension.","There can be no stigma associated with the use of extensions by any application, project, or standard - regardless of the institution or jurisdiction that uses or defines the extensions.  The use of extensions is what allows the FHIR specification to retain a core level of simplicity for everyone.","","","","","","","","",,,,,"","value:url}
","Extensions are always sliced by (at least) url",,"open","Element.extension",0,*,"","ele-1:All FHIR elements must have a @value or children {hasValue() or (children().count() > id.count())}
ext-1:Must have either extensions or value[x], not both {extension.exists() != value.exists()}"
"Seltene.PersoenlicheInfosIndexpatient.modifierExtension","Seltene.PersoenlicheInfosIndexpatient.modifierExtension","","extensions
user contentmodifiers","",0,*,"","Y","Y","Extension {[]} {[]}
","Extensions that cannot be ignored even if unrecognized","May be used to represent additional information that is not part of the basic definition of the element and that modifies the understanding of the element in which it is contained and/or the understanding of the containing element's descendants. Usually modifier elements provide negation or qualification. To make the use of extensions safe and manageable, there is a strict set of governance applied to the definition and use of extensions. Though any implementer can define an extension, there is a set of requirements that SHALL be met as part of the definition of the extension. Applications processing a resource are required to check for modifier extensions.

Modifier extensions SHALL NOT change the meaning of any elements on Resource or DomainResource (including cannot change the meaning of modifierExtension itself).","There can be no stigma associated with the use of extensions by any application, project, or standard - regardless of the institution or jurisdiction that uses or defines the extensions.  The use of extensions is what allows the FHIR specification to retain a core level of simplicity for everyone.","Modifier extensions allow for extensions that *cannot* be safely ignored to be clearly distinguished from the vast majority of extensions which can be safely ignored.  This promotes interoperability by eliminating the need for implementers to prohibit the presence of extensions. For further information, see the [definition of modifier extensions](http://hl7.org/fhir/R4/extensibility.html#modifierExtension).","","","","","","","",,,,,"",,,,"BackboneElement.modifierExtension",0,*,"","ele-1:All FHIR elements must have a @value or children {hasValue() or (children().count() > id.count())}
ext-1:Must have either extensions or value[x], not both {extension.exists() != value.exists()}"
"Seltene.PersoenlicheInfosIndexpatient.Tod","Seltene.PersoenlicheInfosIndexpatient.Tod","","","",0,1,"","","","BackboneElement {[]} {[]}
","Tod","Tod","","","","","","","","","",,,,,"",,,,"Seltene.PersoenlicheInfosIndexpatient.Tod",0,1,"","ele-1:All FHIR elements must have a @value or children {hasValue() or (children().count() > id.count())}
"
"Seltene.PersoenlicheInfosIndexpatient.Tod.id","Seltene.PersoenlicheInfosIndexpatient.Tod.id","","","",0,1,"","","","string {[]} {[]}
","Unique id for inter-element referencing","Unique id for the element within a resource (for internal references). This may be any string value that does not contain spaces.","","","","","","","","","",,,,,"",,,,"Element.id",0,1,"",""
"Seltene.PersoenlicheInfosIndexpatient.Tod.extension","Seltene.PersoenlicheInfosIndexpatient.Tod.extension","","extensions
user content","",0,*,"","","","Extension {[]} {[]}
","Additional content defined by implementations","May be used to represent additional information that is not part of the basic definition of the element. To make the use of extensions safe and manageable, there is a strict set of governance  applied to the definition and use of extensions. Though any implementer can define an extension, there is a set of requirements that SHALL be met as part of the definition of the extension.","There can be no stigma associated with the use of extensions by any application, project, or standard - regardless of the institution or jurisdiction that uses or defines the extensions.  The use of extensions is what allows the FHIR specification to retain a core level of simplicity for everyone.","","","","","","","","",,,,,"","value:url}
","Extensions are always sliced by (at least) url",,"open","Element.extension",0,*,"","ele-1:All FHIR elements must have a @value or children {hasValue() or (children().count() > id.count())}
ext-1:Must have either extensions or value[x], not both {extension.exists() != value.exists()}"
"Seltene.PersoenlicheInfosIndexpatient.Tod.modifierExtension","Seltene.PersoenlicheInfosIndexpatient.Tod.modifierExtension","","extensions
user contentmodifiers","",0,*,"","Y","Y","Extension {[]} {[]}
","Extensions that cannot be ignored even if unrecognized","May be used to represent additional information that is not part of the basic definition of the element and that modifies the understanding of the element in which it is contained and/or the understanding of the containing element's descendants. Usually modifier elements provide negation or qualification. To make the use of extensions safe and manageable, there is a strict set of governance applied to the definition and use of extensions. Though any implementer can define an extension, there is a set of requirements that SHALL be met as part of the definition of the extension. Applications processing a resource are required to check for modifier extensions.

Modifier extensions SHALL NOT change the meaning of any elements on Resource or DomainResource (including cannot change the meaning of modifierExtension itself).","There can be no stigma associated with the use of extensions by any application, project, or standard - regardless of the institution or jurisdiction that uses or defines the extensions.  The use of extensions is what allows the FHIR specification to retain a core level of simplicity for everyone.","Modifier extensions allow for extensions that *cannot* be safely ignored to be clearly distinguished from the vast majority of extensions which can be safely ignored.  This promotes interoperability by eliminating the need for implementers to prohibit the presence of extensions. For further information, see the [definition of modifier extensions](http://hl7.org/fhir/R4/extensibility.html#modifierExtension).","","","","","","","",,,,,"",,,,"BackboneElement.modifierExtension",0,*,"","ele-1:All FHIR elements must have a @value or children {hasValue() or (children().count() > id.count())}
ext-1:Must have either extensions or value[x], not both {extension.exists() != value.exists()}"
"Seltene.PersoenlicheInfosIndexpatient.Tod.Sterbedatum","Seltene.PersoenlicheInfosIndexpatient.Tod.Sterbedatum","","","",0,1,"","","","date {[]} {[]}
","Sterbedatum","Sterbedatum des Indexpatienten.","","","","","","","","","",,,,,"",,,,"Seltene.PersoenlicheInfosIndexpatient.Tod.Sterbedatum",0,1,"",""
"Seltene.PersoenlicheInfosIndexpatient.Tod.AnSEVerstorben","Seltene.PersoenlicheInfosIndexpatient.Tod.AnSEVerstorben","","","",0,1,"","","","code {[]} {[]}
","An der SE verstorben","Angabe, ob der Indexpatient an der SE verstorben ist.","","","","","","","","","",,,,,"",,,,"Seltene.PersoenlicheInfosIndexpatient.Tod.AnSEVerstorben",0,1,"",""
"Seltene.PersoenlicheInfosIndexpatient.Tod.AndereTodesursache","Seltene.PersoenlicheInfosIndexpatient.Tod.AndereTodesursache","","","",0,*,"","","","code {[]} {[]}
","Todesursache","Kodierung der Todesursache soweit bekannt (ICD-10-GM, ORPHAcodes).","","","","","","","","","",,,,,"",,,,"Seltene.PersoenlicheInfosIndexpatient.Tod.AndereTodesursache",0,*,"",""
"Seltene.Familienanamnese","Seltene.Familienanamnese","","","",0,*,"","","","BackboneElement {[]} {[]}
","Familienanamnese","Familienanamnese","","","","","","","","","",,,,,"",,,,"Seltene.Familienanamnese",0,*,"","ele-1:All FHIR elements must have a @value or children {hasValue() or (children().count() > id.count())}
"
"Seltene.Familienanamnese.id","Seltene.Familienanamnese.id","","","",0,1,"","","","string {[]} {[]}
","Unique id for inter-element referencing","Unique id for the element within a resource (for internal references). This may be any string value that does not contain spaces.","","","","","","","","","",,,,,"",,,,"Element.id",0,1,"",""
"Seltene.Familienanamnese.extension","Seltene.Familienanamnese.extension","","extensions
user content","",0,*,"","","","Extension {[]} {[]}
","Additional content defined by implementations","May be used to represent additional information that is not part of the basic definition of the element. To make the use of extensions safe and manageable, there is a strict set of governance  applied to the definition and use of extensions. Though any implementer can define an extension, there is a set of requirements that SHALL be met as part of the definition of the extension.","There can be no stigma associated with the use of extensions by any application, project, or standard - regardless of the institution or jurisdiction that uses or defines the extensions.  The use of extensions is what allows the FHIR specification to retain a core level of simplicity for everyone.","","","","","","","","",,,,,"","value:url}
","Extensions are always sliced by (at least) url",,"open","Element.extension",0,*,"","ele-1:All FHIR elements must have a @value or children {hasValue() or (children().count() > id.count())}
ext-1:Must have either extensions or value[x], not both {extension.exists() != value.exists()}"
"Seltene.Familienanamnese.modifierExtension","Seltene.Familienanamnese.modifierExtension","","extensions
user contentmodifiers","",0,*,"","Y","Y","Extension {[]} {[]}
","Extensions that cannot be ignored even if unrecognized","May be used to represent additional information that is not part of the basic definition of the element and that modifies the understanding of the element in which it is contained and/or the understanding of the containing element's descendants. Usually modifier elements provide negation or qualification. To make the use of extensions safe and manageable, there is a strict set of governance applied to the definition and use of extensions. Though any implementer can define an extension, there is a set of requirements that SHALL be met as part of the definition of the extension. Applications processing a resource are required to check for modifier extensions.

Modifier extensions SHALL NOT change the meaning of any elements on Resource or DomainResource (including cannot change the meaning of modifierExtension itself).","There can be no stigma associated with the use of extensions by any application, project, or standard - regardless of the institution or jurisdiction that uses or defines the extensions.  The use of extensions is what allows the FHIR specification to retain a core level of simplicity for everyone.","Modifier extensions allow for extensions that *cannot* be safely ignored to be clearly distinguished from the vast majority of extensions which can be safely ignored.  This promotes interoperability by eliminating the need for implementers to prohibit the presence of extensions. For further information, see the [definition of modifier extensions](http://hl7.org/fhir/R4/extensibility.html#modifierExtension).","","","","","","","",,,,,"",,,,"BackboneElement.modifierExtension",0,*,"","ele-1:All FHIR elements must have a @value or children {hasValue() or (children().count() > id.count())}
ext-1:Must have either extensions or value[x], not both {extension.exists() != value.exists()}"
"Seltene.Familienanamnese.Verwandtschaftsverhaeltnis","Seltene.Familienanamnese.Verwandtschaftsverhaeltnis","","","",0,1,"","","","code {[]} {[]}
","Verwandtschaftsverhaeltnis","Biologisches Verwandtschaftsverhaeltnis des Familienmitglieds zum Indexpatienten.","","","","","","","","","",,,,,"",,,,"Seltene.Familienanamnese.Verwandtschaftsverhaeltnis",0,1,"",""
"Seltene.Familienanamnese.Geschlecht","Seltene.Familienanamnese.Geschlecht","","","",0,1,"","","","code {[]} {[]}
","Geschlecht","Geschlecht des Familienmitglieds.","","","","","","","","","",,,,,"",,,,"Seltene.Familienanamnese.Geschlecht",0,1,"",""
"Seltene.Familienanamnese.GleicheSE","Seltene.Familienanamnese.GleicheSE","","","",0,*,"","","","code {[]} {[]}
","Gleiche SE","Gibt an, ob das Familienmitglied an der gleichen SE leidet wie der Indexpatient.","","","","","","","","","",,,,,"",,,,"Seltene.Familienanamnese.GleicheSE",0,*,"",""
"Seltene.Familienanamnese.AndereSE","Seltene.Familienanamnese.AndereSE","","","",0,*,"","","","code {[]} {[]}
","Andere SE","Gibt an, ob das Familienmitglied an einer anderen SE leidet als der Indexpatient.","","","","","","","","","",,,,,"",,,,"Seltene.Familienanamnese.AndereSE",0,*,"",""
"Seltene.Familienanamnese.Penetranz","Seltene.Familienanamnese.Penetranz","","","",0,1,"","","","code {[]} {[]}
","Penetranz","Gibt an, ob bei fehlender klinscher Penetranz (Wahrscheinlichkeit Genotyp bildet Phaenotyp aus) die genetische Diagnose vorliegt.","","","","","","","","","",,,,,"",,,,"Seltene.Familienanamnese.Penetranz",0,1,"",""
"Seltene.Familienanamnese.FamilienmitgliedVerstorben","Seltene.Familienanamnese.FamilienmitgliedVerstorben","","","",0,1,"","","","code {[]} {[]}
","Familienmitglied verstorben","Gibt an, ob das Familienmitglied verstorben ist.","","","","","","","","","",,,,,"",,,,"Seltene.Familienanamnese.FamilienmitgliedVerstorben",0,1,"",""
"Seltene.TherapieForschung","Seltene.TherapieForschung","","","",0,*,"","","","BackboneElement {[]} {[]}
","Therapie und Forschung","Therapie und Forschung","","","","","","","","","",,,,,"",,,,"Seltene.TherapieForschung",0,*,"","ele-1:All FHIR elements must have a @value or children {hasValue() or (children().count() > id.count())}
"
"Seltene.TherapieForschung.id","Seltene.TherapieForschung.id","","","",0,1,"","","","string {[]} {[]}
","Unique id for inter-element referencing","Unique id for the element within a resource (for internal references). This may be any string value that does not contain spaces.","","","","","","","","","",,,,,"",,,,"Element.id",0,1,"",""
"Seltene.TherapieForschung.extension","Seltene.TherapieForschung.extension","","extensions
user content","",0,*,"","","","Extension {[]} {[]}
","Additional content defined by implementations","May be used to represent additional information that is not part of the basic definition of the element. To make the use of extensions safe and manageable, there is a strict set of governance  applied to the definition and use of extensions. Though any implementer can define an extension, there is a set of requirements that SHALL be met as part of the definition of the extension.","There can be no stigma associated with the use of extensions by any application, project, or standard - regardless of the institution or jurisdiction that uses or defines the extensions.  The use of extensions is what allows the FHIR specification to retain a core level of simplicity for everyone.","","","","","","","","",,,,,"","value:url}
","Extensions are always sliced by (at least) url",,"open","Element.extension",0,*,"","ele-1:All FHIR elements must have a @value or children {hasValue() or (children().count() > id.count())}
ext-1:Must have either extensions or value[x], not both {extension.exists() != value.exists()}"
"Seltene.TherapieForschung.modifierExtension","Seltene.TherapieForschung.modifierExtension","","extensions
user contentmodifiers","",0,*,"","Y","Y","Extension {[]} {[]}
","Extensions that cannot be ignored even if unrecognized","May be used to represent additional information that is not part of the basic definition of the element and that modifies the understanding of the element in which it is contained and/or the understanding of the containing element's descendants. Usually modifier elements provide negation or qualification. To make the use of extensions safe and manageable, there is a strict set of governance applied to the definition and use of extensions. Though any implementer can define an extension, there is a set of requirements that SHALL be met as part of the definition of the extension. Applications processing a resource are required to check for modifier extensions.

Modifier extensions SHALL NOT change the meaning of any elements on Resource or DomainResource (including cannot change the meaning of modifierExtension itself).","There can be no stigma associated with the use of extensions by any application, project, or standard - regardless of the institution or jurisdiction that uses or defines the extensions.  The use of extensions is what allows the FHIR specification to retain a core level of simplicity for everyone.","Modifier extensions allow for extensions that *cannot* be safely ignored to be clearly distinguished from the vast majority of extensions which can be safely ignored.  This promotes interoperability by eliminating the need for implementers to prohibit the presence of extensions. For further information, see the [definition of modifier extensions](http://hl7.org/fhir/R4/extensibility.html#modifierExtension).","","","","","","","",,,,,"",,,,"BackboneElement.modifierExtension",0,*,"","ele-1:All FHIR elements must have a @value or children {hasValue() or (children().count() > id.count())}
ext-1:Must have either extensions or value[x], not both {extension.exists() != value.exists()}"
"Seltene.TherapieForschung.OffLabel","Seltene.TherapieForschung.OffLabel","","","",0,*,"","","","BackboneElement {[]} {[]}
","Off-Label-Gabe","Off-Label-Gabe","","","","","","","","","",,,,,"",,,,"Seltene.TherapieForschung.OffLabel",0,*,"","ele-1:All FHIR elements must have a @value or children {hasValue() or (children().count() > id.count())}
"
"Seltene.TherapieForschung.OffLabel.id","Seltene.TherapieForschung.OffLabel.id","","","",0,1,"","","","string {[]} {[]}
","Unique id for inter-element referencing","Unique id for the element within a resource (for internal references). This may be any string value that does not contain spaces.","","","","","","","","","",,,,,"",,,,"Element.id",0,1,"",""
"Seltene.TherapieForschung.OffLabel.extension","Seltene.TherapieForschung.OffLabel.extension","","extensions
user content","",0,*,"","","","Extension {[]} {[]}
","Additional content defined by implementations","May be used to represent additional information that is not part of the basic definition of the element. To make the use of extensions safe and manageable, there is a strict set of governance  applied to the definition and use of extensions. Though any implementer can define an extension, there is a set of requirements that SHALL be met as part of the definition of the extension.","There can be no stigma associated with the use of extensions by any application, project, or standard - regardless of the institution or jurisdiction that uses or defines the extensions.  The use of extensions is what allows the FHIR specification to retain a core level of simplicity for everyone.","","","","","","","","",,,,,"","value:url}
","Extensions are always sliced by (at least) url",,"open","Element.extension",0,*,"","ele-1:All FHIR elements must have a @value or children {hasValue() or (children().count() > id.count())}
ext-1:Must have either extensions or value[x], not both {extension.exists() != value.exists()}"
"Seltene.TherapieForschung.OffLabel.modifierExtension","Seltene.TherapieForschung.OffLabel.modifierExtension","","extensions
user contentmodifiers","",0,*,"","Y","Y","Extension {[]} {[]}
","Extensions that cannot be ignored even if unrecognized","May be used to represent additional information that is not part of the basic definition of the element and that modifies the understanding of the element in which it is contained and/or the understanding of the containing element's descendants. Usually modifier elements provide negation or qualification. To make the use of extensions safe and manageable, there is a strict set of governance applied to the definition and use of extensions. Though any implementer can define an extension, there is a set of requirements that SHALL be met as part of the definition of the extension. Applications processing a resource are required to check for modifier extensions.

Modifier extensions SHALL NOT change the meaning of any elements on Resource or DomainResource (including cannot change the meaning of modifierExtension itself).","There can be no stigma associated with the use of extensions by any application, project, or standard - regardless of the institution or jurisdiction that uses or defines the extensions.  The use of extensions is what allows the FHIR specification to retain a core level of simplicity for everyone.","Modifier extensions allow for extensions that *cannot* be safely ignored to be clearly distinguished from the vast majority of extensions which can be safely ignored.  This promotes interoperability by eliminating the need for implementers to prohibit the presence of extensions. For further information, see the [definition of modifier extensions](http://hl7.org/fhir/R4/extensibility.html#modifierExtension).","","","","","","","",,,,,"",,,,"BackboneElement.modifierExtension",0,*,"","ele-1:All FHIR elements must have a @value or children {hasValue() or (children().count() > id.count())}
ext-1:Must have either extensions or value[x], not both {extension.exists() != value.exists()}"
"Seltene.TherapieForschung.OffLabel.OffLabelGabe","Seltene.TherapieForschung.OffLabel.OffLabelGabe","","","",0,1,"","","","code {[]} {[]}
","Off-Label-Gabe","Gibt an, ob eine Off-Label-Gabe vorliegt.","","","","","","","","","",,,,,"",,,,"Seltene.TherapieForschung.OffLabel.OffLabelGabe",0,1,"",""
"Seltene.TherapieForschung.OffLabel.OffLabelMedikament","Seltene.TherapieForschung.OffLabel.OffLabelMedikament","","","",0,*,"","","","code {[]} {[]}
","Off-Label-Medikament","Gibt an, welches Medikament Off-Label gegeben wurde.","","","","","","","","","",,,,,"",,,,"Seltene.TherapieForschung.OffLabel.OffLabelMedikament",0,*,"",""
"Seltene.TherapieForschung.Studie","Seltene.TherapieForschung.Studie","","","",0,*,"","","","BackboneElement {[]} {[]}
","Studie","Studie","","","","","","","","","",,,,,"",,,,"Seltene.TherapieForschung.Studie",0,*,"","ele-1:All FHIR elements must have a @value or children {hasValue() or (children().count() > id.count())}
"
"Seltene.TherapieForschung.Studie.id","Seltene.TherapieForschung.Studie.id","","","",0,1,"","","","string {[]} {[]}
","Unique id for inter-element referencing","Unique id for the element within a resource (for internal references). This may be any string value that does not contain spaces.","","","","","","","","","",,,,,"",,,,"Element.id",0,1,"",""
"Seltene.TherapieForschung.Studie.extension","Seltene.TherapieForschung.Studie.extension","","extensions
user content","",0,*,"","","","Extension {[]} {[]}
","Additional content defined by implementations","May be used to represent additional information that is not part of the basic definition of the element. To make the use of extensions safe and manageable, there is a strict set of governance  applied to the definition and use of extensions. Though any implementer can define an extension, there is a set of requirements that SHALL be met as part of the definition of the extension.","There can be no stigma associated with the use of extensions by any application, project, or standard - regardless of the institution or jurisdiction that uses or defines the extensions.  The use of extensions is what allows the FHIR specification to retain a core level of simplicity for everyone.","","","","","","","","",,,,,"","value:url}
","Extensions are always sliced by (at least) url",,"open","Element.extension",0,*,"","ele-1:All FHIR elements must have a @value or children {hasValue() or (children().count() > id.count())}
ext-1:Must have either extensions or value[x], not both {extension.exists() != value.exists()}"
"Seltene.TherapieForschung.Studie.modifierExtension","Seltene.TherapieForschung.Studie.modifierExtension","","extensions
user contentmodifiers","",0,*,"","Y","Y","Extension {[]} {[]}
","Extensions that cannot be ignored even if unrecognized","May be used to represent additional information that is not part of the basic definition of the element and that modifies the understanding of the element in which it is contained and/or the understanding of the containing element's descendants. Usually modifier elements provide negation or qualification. To make the use of extensions safe and manageable, there is a strict set of governance applied to the definition and use of extensions. Though any implementer can define an extension, there is a set of requirements that SHALL be met as part of the definition of the extension. Applications processing a resource are required to check for modifier extensions.

Modifier extensions SHALL NOT change the meaning of any elements on Resource or DomainResource (including cannot change the meaning of modifierExtension itself).","There can be no stigma associated with the use of extensions by any application, project, or standard - regardless of the institution or jurisdiction that uses or defines the extensions.  The use of extensions is what allows the FHIR specification to retain a core level of simplicity for everyone.","Modifier extensions allow for extensions that *cannot* be safely ignored to be clearly distinguished from the vast majority of extensions which can be safely ignored.  This promotes interoperability by eliminating the need for implementers to prohibit the presence of extensions. For further information, see the [definition of modifier extensions](http://hl7.org/fhir/R4/extensibility.html#modifierExtension).","","","","","","","",,,,,"",,,,"BackboneElement.modifierExtension",0,*,"","ele-1:All FHIR elements must have a @value or children {hasValue() or (children().count() > id.count())}
ext-1:Must have either extensions or value[x], not both {extension.exists() != value.exists()}"
"Seltene.TherapieForschung.Studie.StudienID","Seltene.TherapieForschung.Studie.StudienID","","","",0,1,"","","","Identifier {[]} {[]}
","Studien-ID","Eindeutige Identifikation der Studie, an der der SE-Patient teilgenommen hat.","","","","","","","","","",,,,,"",,,,"Seltene.TherapieForschung.Studie.StudienID",0,1,"",""
"Seltene.TherapieForschung.Studie.StudienStatus","Seltene.TherapieForschung.Studie.StudienStatus","","","",0,1,"","","","code {[]} {[]}
","Studienstatus","Aktueller Status der Studie, an der der SE-Patient teilgenommen hat (Abgeschlossen, Fortlaufend).","","","","","","","","","",,,,,"",,,,"Seltene.TherapieForschung.Studie.StudienStatus",0,1,"",""
"Seltene.TherapieForschung.Studie.Studienzeitraum","Seltene.TherapieForschung.Studie.Studienzeitraum","","","",0,1,"","","","Extension {[CanonicalType[http://hl7.org/fhir/StructureDefinition/organization-period]]} {[]}
","Studienzeitraum","Zeitraum, in dem der SE-Patient an der Studie teilgenommen hat.","","","","","","","","","",,,,,"",,,,"Seltene.TherapieForschung.Studie.Studienzeitraum",0,1,"",""
"Seltene.TherapieForschung.Therapie","Seltene.TherapieForschung.Therapie","","","",0,*,"","","","BackboneElement {[]} {[]}
","Therapie","Therapie","","","","","","","","","",,,,,"",,,,"Seltene.TherapieForschung.Therapie",0,*,"","ele-1:All FHIR elements must have a @value or children {hasValue() or (children().count() > id.count())}
"
"Seltene.TherapieForschung.Therapie.id","Seltene.TherapieForschung.Therapie.id","","","",0,1,"","","","string {[]} {[]}
","Unique id for inter-element referencing","Unique id for the element within a resource (for internal references). This may be any string value that does not contain spaces.","","","","","","","","","",,,,,"",,,,"Element.id",0,1,"",""
"Seltene.TherapieForschung.Therapie.extension","Seltene.TherapieForschung.Therapie.extension","","extensions
user content","",0,*,"","","","Extension {[]} {[]}
","Additional content defined by implementations","May be used to represent additional information that is not part of the basic definition of the element. To make the use of extensions safe and manageable, there is a strict set of governance  applied to the definition and use of extensions. Though any implementer can define an extension, there is a set of requirements that SHALL be met as part of the definition of the extension.","There can be no stigma associated with the use of extensions by any application, project, or standard - regardless of the institution or jurisdiction that uses or defines the extensions.  The use of extensions is what allows the FHIR specification to retain a core level of simplicity for everyone.","","","","","","","","",,,,,"","value:url}
","Extensions are always sliced by (at least) url",,"open","Element.extension",0,*,"","ele-1:All FHIR elements must have a @value or children {hasValue() or (children().count() > id.count())}
ext-1:Must have either extensions or value[x], not both {extension.exists() != value.exists()}"
"Seltene.TherapieForschung.Therapie.modifierExtension","Seltene.TherapieForschung.Therapie.modifierExtension","","extensions
user contentmodifiers","",0,*,"","Y","Y","Extension {[]} {[]}
","Extensions that cannot be ignored even if unrecognized","May be used to represent additional information that is not part of the basic definition of the element and that modifies the understanding of the element in which it is contained and/or the understanding of the containing element's descendants. Usually modifier elements provide negation or qualification. To make the use of extensions safe and manageable, there is a strict set of governance applied to the definition and use of extensions. Though any implementer can define an extension, there is a set of requirements that SHALL be met as part of the definition of the extension. Applications processing a resource are required to check for modifier extensions.

Modifier extensions SHALL NOT change the meaning of any elements on Resource or DomainResource (including cannot change the meaning of modifierExtension itself).","There can be no stigma associated with the use of extensions by any application, project, or standard - regardless of the institution or jurisdiction that uses or defines the extensions.  The use of extensions is what allows the FHIR specification to retain a core level of simplicity for everyone.","Modifier extensions allow for extensions that *cannot* be safely ignored to be clearly distinguished from the vast majority of extensions which can be safely ignored.  This promotes interoperability by eliminating the need for implementers to prohibit the presence of extensions. For further information, see the [definition of modifier extensions](http://hl7.org/fhir/R4/extensibility.html#modifierExtension).","","","","","","","",,,,,"",,,,"BackboneElement.modifierExtension",0,*,"","ele-1:All FHIR elements must have a @value or children {hasValue() or (children().count() > id.count())}
ext-1:Must have either extensions or value[x], not both {extension.exists() != value.exists()}"
"Seltene.TherapieForschung.Therapie.Therapieempfehlung","Seltene.TherapieForschung.Therapie.Therapieempfehlung","","","",0,*,"","","","code {[]} {[]}
","Eine Therapieempfehlung beschreibt eine spezifische Maßnahme oder Strategie. Sie kann eigenständig vorliegen oder referenziert einem Therapieplan zugeordnet werden. Art der Therapieempfehlung","Gibt an, welche Therapieempfehlung vorliegt.","","","","","","","","","",,,,,"",,,,"Seltene.TherapieForschung.Therapie.Therapieempfehlung",0,*,"",""
"Seltene.TherapieForschung.Therapie.DurchgefuehrteTherapie","Seltene.TherapieForschung.Therapie.DurchgefuehrteTherapie","","","",0,*,"","","","code {[]} {[]}
","Durchgefuehrte Therapie","Tatsaechlich durchgeführte Therapie des SE-Patienten (mit oder ohne Studie mit heilender Intention).","","","","","","","","","",,,,,"",,,,"Seltene.TherapieForschung.Therapie.DurchgefuehrteTherapie",0,*,"",""
"Seltene.TherapieForschung.Therapie.StartdatumTherapie","Seltene.TherapieForschung.Therapie.StartdatumTherapie","","","",0,1,"","","","date {[]} {[]}
","Startdatum Therapie","Datum, an dem die Therapie begonnen hat.","","","","","","","","","",,,,,"",,,,"Seltene.TherapieForschung.Therapie.StartdatumTherapie",0,1,"",""
"Seltene.TherapieForschung.Therapie.EnddatumTherapie","Seltene.TherapieForschung.Therapie.EnddatumTherapie","","","",0,1,"","","","date {[]} {[]}
","Enddatum Therapie","Datum, an dem die Therapie beendet wurde.","","","","","","","","","",,,,,"",,,,"Seltene.TherapieForschung.Therapie.EnddatumTherapie",0,1,"",""
"Seltene.TherapieForschung.Therapie.GrundEndeTherapie","Seltene.TherapieForschung.Therapie.GrundEndeTherapie","","","",0,*,"","","","code {[]} {[]}
","Grund Ende Therapie","Gibt an, warum die Therapie beendet wurde (z.B. Nebenwirkungen, keine Wirkung).","","","","","","","","","",,,,,"",,,,"Seltene.TherapieForschung.Therapie.GrundEndeTherapie",0,*,"",""
