URL,Version,Status,OIDs,Name,Title,Description,Uses,Used,Sources
http://fhir.de/ValueSet/UcumVitalsCommonDE,1.6.0,active,,UCUM_Vitals_Common_DE,UCUM Vitals Common DE,"Dieses ValueSet enthält die innerhalb der deutschen Vitalparameter-Profile zulässigen UCUM-Einheiten. Es dient der konsistenten Einheitenbindung für numerische Messwerte in `value[x]`.","StructureDefinition/mii-pr-seltene-kopfumfang","UCUM"
http://fhir.de/ValueSet/VitalSignDE-Kopfumfang-SNOMED-CT,1.6.0,active,,VitalSignDE_Kopfumfang_SNOMED_CT,VitalSignDE_Kopfumfang_SNOMED_CT,"Dieses ValueSet enthält die für Kopfumfang-Beobachtungen zugelassenen SNOMED-CT-Konzepte. Es dient der semantisch präzisen Codierung entsprechender Vitalparameter.","StructureDefinition/mii-pr-seltene-kopfumfang","SCT"
http://fhir.de/ValueSet/VitalSignDE_Body_Length_UCUM,1.6.0,active,,VitalSignDE_Body_Length_UCUM,VitalSignDE_Body_Length_UCUM,"Dieses ValueSet enthält die zulässigen UCUM-Einheiten zur Kodierung von Körperlängen- und Körpergrößenmessungen. Es dient der konsistenten Einheitendarstellung in entsprechenden Vitalparameterprofilen.","StructureDefinition/mii-pr-seltene-kopfumfang","UCUM"
http://fhir.de/ValueSet/bfarm/ops,1.5.4,active,,OpsVS,OPS ValueSet,"OPS ValueSet","StructureDefinition/mii-pr-seltene-therapieempfehlung-nicht-medikamentoes","de.basisprofil.r4"
http://fhir.de/ValueSet/icd-10-gm-mehrfachcodierungs-kennzeichen,1.6.0,active,,MehrfachkodierungsKennzeichenVS,Mehrfachkodierungs-Kennzeichen ICD10GM ValueSet,"Dieses ValueSet enthält die zulässigen Zusatzkennzeichen für postkoordinierte ICD-10-GM-Codes. Es dient der korrekten Kennzeichnung von Ätiologie-, Manifestations- und Zusatzinformationsbezügen.","StructureDefinition/mii-pr-seltene-clinical-diagnosis,StructureDefinition/mii-pr-seltene-genetic-diagnosis","de.basisprofil.r4"
http://fhir.de/ValueSet/lebensphase-de,1.6.0,active,,ValueSetLebensphaseDe,LebensphaseDe ValueSet,"Dieses ValueSet enthält SNOMED-CT-Konzepte zur Angabe von Lebensphasen. Es dient der semantisch präzisen Beschreibung alters- und entwicklungsbezogener Kontexte.","StructureDefinition/mii-pr-seltene-clinical-diagnosis,StructureDefinition/mii-pr-seltene-genetic-diagnosis","SCT"
http://hl7.org/fhir/ValueSet/action-cardinality-behavior,4.0.1,draft,"2.16.840.1.113883.4.642.3.807",ActionCardinalityBehavior,ActionCardinalityBehavior,"Defines behavior for an action or a group for how many times that item may be repeated.","StructureDefinition/mii-pr-seltene-therapieempfehlung-kombination","hl7.fhir.r4.core"
http://hl7.org/fhir/ValueSet/action-condition-kind,4.0.1,draft,"2.16.840.1.113883.4.642.3.815",ActionConditionKind,ActionConditionKind,"Defines the kinds of conditions that can appear on actions.","StructureDefinition/mii-pr-seltene-therapieempfehlung-kombination","hl7.fhir.r4.core"
http://hl7.org/fhir/ValueSet/action-grouping-behavior,4.0.1,draft,"2.16.840.1.113883.4.642.3.799",ActionGroupingBehavior,ActionGroupingBehavior,"Defines organization behavior of a group.","StructureDefinition/mii-pr-seltene-therapieempfehlung-kombination","hl7.fhir.r4.core"
http://hl7.org/fhir/ValueSet/action-precheck-behavior,4.0.1,draft,"2.16.840.1.113883.4.642.3.805",ActionPrecheckBehavior,ActionPrecheckBehavior,"Defines selection frequency behavior for an action or group.","StructureDefinition/mii-pr-seltene-therapieempfehlung-kombination","hl7.fhir.r4.core"
http://hl7.org/fhir/ValueSet/action-relationship-type,4.0.1,draft,"2.16.840.1.113883.4.642.3.813",ActionRelationshipType,ActionRelationshipType,"Defines the types of relationships between actions.","StructureDefinition/mii-pr-seltene-therapieempfehlung-kombination","hl7.fhir.r4.core"
http://hl7.org/fhir/ValueSet/action-required-behavior,4.0.1,draft,"2.16.840.1.113883.4.642.3.803",ActionRequiredBehavior,ActionRequiredBehavior,"Defines expectations around whether an action or action group is required.","StructureDefinition/mii-pr-seltene-therapieempfehlung-kombination","hl7.fhir.r4.core"
http://hl7.org/fhir/ValueSet/action-selection-behavior,4.0.1,draft,"2.16.840.1.113883.4.642.3.801",ActionSelectionBehavior,ActionSelectionBehavior,"Defines selection behavior of a group.","StructureDefinition/mii-pr-seltene-therapieempfehlung-kombination","hl7.fhir.r4.core"
http://hl7.org/fhir/ValueSet/action-type,4.0.1,draft,"2.16.840.1.113883.4.642.3.809",ActionType,ActionType,"The type of action to be performed.","StructureDefinition/mii-pr-seltene-therapieempfehlung-kombination","THO"
http://hl7.org/fhir/ValueSet/additional-instruction-codes,4.0.1,draft,"2.16.840.1.113883.4.642.3.95",SNOMEDCTAdditionalDosageInstructions,SNOMED CT Additional Dosage Instructions,"This value set includes all SNOMED CT Additional Dosage Instructions.","StructureDefinition/mii-pr-seltene-therapieempfehlung","SCT"
http://hl7.org/fhir/ValueSet/administration-method-codes,4.0.1,draft,"2.16.840.1.113883.4.642.3.97",SNOMEDCTAdministrationMethodCodes,SNOMED CT Administration Method Codes,"This value set includes some method codes from SNOMED CT - provided as an exemplar","StructureDefinition/mii-pr-seltene-therapieempfehlung","SCT"
http://hl7.org/fhir/ValueSet/administrative-gender,4.0.1,active,"2.16.840.1.113883.4.642.3.1",AdministrativeGender,AdministrativeGender,"The gender of a person used for administrative purposes.","StructureDefinition/mii-pr-seltene-familienanamnese","hl7.fhir.r4.core"
http://hl7.org/fhir/ValueSet/approach-site-codes,4.0.1,draft,"2.16.840.1.113883.4.642.3.346",SNOMEDCTAnatomicalStructureForAdministrationSiteCodes,SNOMED CT Anatomical Structure for Administration Site Codes,"This value set includes Anatomical Structure codes from SNOMED CT - provided as an exemplar.","StructureDefinition/mii-pr-seltene-therapieempfehlung","SCT"
http://hl7.org/fhir/ValueSet/body-site,4.0.1,draft,"2.16.840.1.113883.4.642.3.141",SNOMEDCTBodyStructures,SNOMED CT Body Structures,"This value set includes all codes from [SNOMED CT](http://snomed.info/sct) where concept is-a 442083009 (Anatomical or acquired body site (body structure)).","StructureDefinition/mii-pr-seltene-therapieempfehlung-nicht-medikamentoes,StructureDefinition/mii-pr-seltene-hueftumfang,StructureDefinition/mii-pr-seltene-taillenumfang,StructureDefinition/mii-pr-seltene-bodymassindex,StructureDefinition/mii-pr-seltene-icf-assessment,StructureDefinition/mii-pr-seltene-consanguinity,StructureDefinition/mii-pr-seltene-clinical-diagnosis,StructureDefinition/mii-pr-seltene-gestationsalter,StructureDefinition/mii-pr-seltene-symptom-condition,StructureDefinition/mii-pr-seltene-geburtslaenge,StructureDefinition/mii-pr-seltene-therapie-durchgefuehrt,StructureDefinition/mii-pr-seltene-hpo-assessment,StructureDefinition/mii-pr-seltene-genetic-diagnosis,StructureDefinition/mii-pr-seltene-geburtsgewicht,StructureDefinition/mii-pr-seltene-kopfumfang,StructureDefinition/mii-pr-seltene-studieneinschluss-anfrage,StructureDefinition/mii-pr-seltene-blutgruppe","SCT"
http://hl7.org/fhir/ValueSet/care-plan-activity-kind,4.0.1,draft,"2.16.840.1.113883.4.642.3.145",CarePlanActivityKind,Care Plan Activity Kind,"Resource types defined as part of FHIR that can be represented as in-line definitions of a care plan activity.","StructureDefinition/mii-pr-seltene-therapieplan","hl7.fhir.r4.core"
http://hl7.org/fhir/ValueSet/care-plan-activity-outcome,4.0.1,draft,"2.16.840.1.113883.4.642.3.149",CarePlanActivityOutcome,Care Plan Activity Outcome,"Example codes indicating the outcome of a care plan activity. Note that these are in no way complete and might not even be appropriate for some uses.","StructureDefinition/mii-pr-seltene-therapieplan","SCT"
http://hl7.org/fhir/ValueSet/care-plan-activity-status,4.0.1,draft,"2.16.840.1.113883.4.642.3.146",CarePlanActivityStatus,CarePlanActivityStatus,"Codes that reflect the current state of a care plan activity within its overall life cycle.","StructureDefinition/mii-pr-seltene-therapieplan","hl7.fhir.r4.core"
http://hl7.org/fhir/ValueSet/care-plan-category,4.0.1,draft,"2.16.840.1.113883.4.642.3.148",CarePlanCategory,Care Plan Category,"Example codes indicating the category a care plan falls within.  Note that these are in no way complete and might not even be appropriate for some uses.","StructureDefinition/mii-pr-seltene-therapieplan","SCT"
http://hl7.org/fhir/ValueSet/care-plan-intent,4.0.1,draft,"2.16.840.1.113883.4.642.3.150",CarePlanIntent,Care Plan Intent,"Codes indicating the degree of authority/intentionality associated with a care plan.","StructureDefinition/mii-pr-seltene-therapieplan","hl7.fhir.r4.core"
http://hl7.org/fhir/ValueSet/clinical-findings,4.0.1,draft,"2.16.840.1.113883.4.642.3.232",SNOMEDCTClinicalFindings,SNOMED CT Clinical Findings,"This value set includes all the ""Clinical finding"" [SNOMED CT](http://snomed.info/sct) codes - concepts where concept is-a 404684003 (Clinical finding (finding)).","StructureDefinition/mii-pr-seltene-familienanamnese,StructureDefinition/mii-pr-seltene-therapieplan","SCT"
http://hl7.org/fhir/ValueSet/clinicalimpression-prognosis,4.0.1,draft,"2.16.840.1.113883.4.642.3.160",ClinicalImpressionPrognosis,Clinical Impression Prognosis,"Example value set for clinical impression prognosis.","StructureDefinition/mii-pr-seltene-clinical-impression","SCT"
http://hl7.org/fhir/ValueSet/clinicalimpression-status,4.0.1,draft,"2.16.840.1.113883.4.642.3.1046",ClinicalImpressionStatus,Clinical Impression Status,"Codes that reflect the current state of a clinical impression within its overall lifecycle.","StructureDefinition/mii-pr-seltene-clinical-impression","hl7.fhir.r4.core"
http://hl7.org/fhir/ValueSet/common-tags,4.0.1,draft,"2.16.840.1.113883.4.642.3.79",CommonTags,Common Tags,"Common Tag Codes defined by FHIR project","StructureDefinition/mii-pr-seltene-clinical-diagnosis,StructureDefinition/mii-pr-seltene-gestationsalter,StructureDefinition/mii-pr-seltene-geburtslaenge,StructureDefinition/mii-pr-seltene-therapieempfehlung,StructureDefinition/mii-pr-seltene-genetic-diagnosis,StructureDefinition/mii-pr-seltene-geburtsgewicht,StructureDefinition/mii-pr-seltene-icf-assessment,StructureDefinition/mii-pr-seltene-consanguinity,StructureDefinition/mii-pr-seltene-blutgruppe","THO"
http://hl7.org/fhir/ValueSet/condition-category,4.0.1,draft,"2.16.840.1.113883.4.642.3.162",ConditionCategoryCodes,Condition Category Codes,"Preferred value set for Condition Categories.","StructureDefinition/mii-pr-seltene-symptom-condition,StructureDefinition/mii-pr-seltene-clinical-diagnosis,StructureDefinition/mii-pr-seltene-genetic-diagnosis","THO"
http://hl7.org/fhir/ValueSet/condition-clinical,4.0.1,draft,"2.16.840.1.113883.4.642.3.164",ConditionClinicalStatusCodes,Condition Clinical Status Codes,"Preferred value set for Condition Clinical Status.","StructureDefinition/mii-pr-seltene-symptom-condition,StructureDefinition/mii-pr-seltene-clinical-diagnosis,StructureDefinition/mii-pr-seltene-genetic-diagnosis","THO"
http://hl7.org/fhir/ValueSet/condition-code,4.0.1,draft,"2.16.840.1.113883.4.642.3.161",Condition/Problem/DiagnosisCodes,Condition/Problem/Diagnosis Codes,"Example value set for Condition/Problem/Diagnosis codes.","StructureDefinition/mii-pr-seltene-clinical-diagnosis,StructureDefinition/mii-pr-seltene-therapieempfehlung,StructureDefinition/mii-pr-seltene-therapie-durchgefuehrt,StructureDefinition/mii-pr-seltene-genetic-diagnosis,StructureDefinition/mii-pr-seltene-familienanamnese","SCT"
http://hl7.org/fhir/ValueSet/condition-outcome,4.0.1,draft,"2.16.840.1.113883.4.642.3.967",ConditionOutcomeCodes,Condition Outcome Codes,"Example value set for condition outcomes.","StructureDefinition/mii-pr-seltene-familienanamnese","SCT"
http://hl7.org/fhir/ValueSet/condition-severity,4.0.1,draft,"2.16.840.1.113883.4.642.3.168",Condition/DiagnosisSeverity,Condition/Diagnosis Severity,"Preferred value set for Condition/Diagnosis severity grading.","StructureDefinition/mii-pr-seltene-clinical-diagnosis,StructureDefinition/mii-pr-seltene-genetic-diagnosis","SCT"
http://hl7.org/fhir/ValueSet/condition-stage,4.0.1,draft,"2.16.840.1.113883.4.642.3.170",ConditionStage,Condition Stage,"Example value set for stages of cancer and other conditions.","StructureDefinition/mii-pr-seltene-clinical-diagnosis,StructureDefinition/mii-pr-seltene-genetic-diagnosis","SCT"
http://hl7.org/fhir/ValueSet/condition-stage-type,4.0.1,draft,"2.16.840.1.113883.4.642.3.171",ConditionStageType,Condition Stage Type,"Example value set for the type of stages of cancer and other conditions","StructureDefinition/mii-pr-seltene-symptom-condition,StructureDefinition/mii-pr-seltene-clinical-diagnosis,StructureDefinition/mii-pr-seltene-genetic-diagnosis","SCT"
http://hl7.org/fhir/ValueSet/condition-ver-status,4.0.1,draft,"2.16.840.1.113883.4.642.3.166",ConditionVerificationStatus,ConditionVerificationStatus,"The verification status to support or decline the clinical status of the condition or diagnosis.","StructureDefinition/mii-pr-seltene-symptom-condition,StructureDefinition/mii-pr-seltene-clinical-diagnosis,StructureDefinition/mii-pr-seltene-genetic-diagnosis","THO"
http://hl7.org/fhir/ValueSet/data-absent-reason,4.0.1,active,"2.16.840.1.113883.4.642.3.5",DataAbsentReason,DataAbsentReason,"Used to specify why the normally expected content of the data element is missing.","StructureDefinition/mii-pr-seltene-gestationsalter,StructureDefinition/mii-pr-seltene-geburtslaenge,StructureDefinition/mii-pr-seltene-hueftumfang,StructureDefinition/mii-pr-seltene-hpo-assessment,StructureDefinition/mii-pr-seltene-taillenumfang,StructureDefinition/mii-pr-seltene-kopfumfang,StructureDefinition/mii-pr-seltene-bodymassindex,StructureDefinition/mii-pr-seltene-geburtsgewicht,StructureDefinition/mii-pr-seltene-icf-assessment,StructureDefinition/mii-pr-seltene-consanguinity,StructureDefinition/mii-pr-seltene-blutgruppe","THO"
http://hl7.org/fhir/ValueSet/days-of-week,4.0.1,active,"2.16.840.1.113883.4.642.3.512",DaysOfWeek,DaysOfWeek,"The days of the week.","StructureDefinition/mii-pr-seltene-therapieempfehlung","hl7.fhir.r4.core"
http://hl7.org/fhir/ValueSet/device-action,4.0.1,draft,"2.16.840.1.113883.4.642.3.425",ProcedureDeviceActionCodes,Procedure Device Action Codes,"Example codes indicating the change that happened to the device during the procedure.  Note that these are in no way complete and might not even be appropriate for some uses.","StructureDefinition/mii-pr-seltene-therapie-durchgefuehrt","SCT"
http://hl7.org/fhir/ValueSet/device-kind,4.0.1,draft,"2.16.840.1.113883.4.642.3.208",FHIRDeviceTypes,FHIR Device Types,"Codes used to identify medical devices. Includes concepts from SNOMED CT (http://www.snomed.org/) where concept is-a 49062001 (Device)  and is provided as a suggestive example.","StructureDefinition/mii-pr-seltene-therapie-durchgefuehrt","SCT"
http://hl7.org/fhir/ValueSet/dose-rate-type,4.0.1,draft,"2.16.840.1.113883.4.642.3.981",DoseAndRateType,DoseAndRateType,"The kind of dose or rate specified.","StructureDefinition/mii-pr-seltene-therapieempfehlung","THO"
http://hl7.org/fhir/ValueSet/event-status,4.0.1,draft,"2.16.840.1.113883.4.642.3.109",EventStatus,EventStatus,"Codes identifying the lifecycle stage of an event.","StructureDefinition/mii-pr-seltene-therapie-durchgefuehrt","hl7.fhir.r4.core"
http://hl7.org/fhir/ValueSet/event-timing,4.0.1,active,"2.16.840.1.113883.4.642.3.75",EventTiming,EventTiming,"Real world event relating to the schedule.","StructureDefinition/mii-pr-seltene-therapieempfehlung","THO (V3),hl7.fhir.r4.core"
http://hl7.org/fhir/ValueSet/history-absent-reason,4.0.1,draft,"2.16.840.1.113883.4.642.3.269",FamilyHistoryAbsentReason,FamilyHistoryAbsentReason,"Codes describing the reason why a family member's history is not available.","StructureDefinition/mii-pr-seltene-familienanamnese","THO"
http://hl7.org/fhir/ValueSet/history-status,4.0.1,draft,"2.16.840.1.113883.4.642.3.267",FamilyHistoryStatus,FamilyHistoryStatus,"A code that identifies the status of the family history record.","StructureDefinition/mii-pr-seltene-familienanamnese","hl7.fhir.r4.core"
http://hl7.org/fhir/ValueSet/identifier-type,4.0.1,active,"2.16.840.1.113883.4.642.3.45",Identifier Type Codes,IdentifierType,"A coded type for an identifier that can be used to determine which identifier to use for a specific purpose.","StructureDefinition/mii-ex-seltene-empfehlung-publikation","THO (V2)"
http://hl7.org/fhir/ValueSet/identifier-use,4.0.1,active,"2.16.840.1.113883.4.642.3.57",IdentifierUse,IdentifierUse,"Identifies the purpose for this identifier, if known .","StructureDefinition/mii-ex-seltene-empfehlung-publikation","hl7.fhir.r4.core"
http://hl7.org/fhir/ValueSet/investigation-sets,4.0.1,draft,"2.16.840.1.113883.4.642.3.157",InvestigationType,Investigation Type,"Example value set for investigation type.","StructureDefinition/mii-pr-seltene-clinical-impression","SCT"
http://hl7.org/fhir/ValueSet/languages,4.0.1,draft,"2.16.840.1.113883.4.642.3.20",CommonLanguages,Common Languages,"This value set includes common codes from BCP-47 (http://tools.ietf.org/html/bcp47)","StructureDefinition/mii-pr-seltene-therapieempfehlung-nicht-medikamentoes,StructureDefinition/mii-pr-seltene-hueftumfang,StructureDefinition/mii-pr-seltene-taillenumfang,StructureDefinition/mii-pr-seltene-bodymassindex,StructureDefinition/mii-pr-seltene-icf-assessment,StructureDefinition/mii-pr-seltene-consanguinity,StructureDefinition/mii-pr-seltene-familienanamnese,StructureDefinition/mii-pr-seltene-therapieplan,StructureDefinition/mii-pr-seltene-clinical-diagnosis,StructureDefinition/mii-pr-seltene-gestationsalter,StructureDefinition/mii-pr-seltene-symptom-condition,StructureDefinition/mii-pr-seltene-geburtslaenge,StructureDefinition/mii-pr-seltene-therapieempfehlung,StructureDefinition/mii-pr-seltene-therapie-durchgefuehrt,StructureDefinition/mii-pr-seltene-hpo-assessment,StructureDefinition/mii-pr-seltene-clinical-impression,StructureDefinition/mii-pr-seltene-genetic-diagnosis,StructureDefinition/mii-pr-seltene-geburtsgewicht,StructureDefinition/mii-pr-seltene-kopfumfang,StructureDefinition/mii-pr-seltene-studieneinschluss-anfrage,StructureDefinition/mii-pr-seltene-therapieempfehlung-kombination,StructureDefinition/mii-pr-seltene-blutgruppe,StructureDefinition/mii-pr-seltene-registerteilnahme","hl7.fhir.uv.xver-r5.r4"
http://hl7.org/fhir/ValueSet/manifestation-or-symptom,4.0.1,draft,"2.16.840.1.113883.4.642.3.169",ManifestationAndSymptomCodes,Manifestation and Symptom Codes,"Example value set for Manifestation and Symptom codes.","StructureDefinition/mii-pr-seltene-clinical-diagnosis,StructureDefinition/mii-pr-seltene-genetic-diagnosis","SCT"
http://hl7.org/fhir/ValueSet/medication-as-needed-reason,4.0.1,draft,"2.16.840.1.113883.4.642.3.96",SNOMEDCTMedicationAsNeededReasonCodes,SNOMED CT Medication As Needed Reason Codes,"This value set includes all clinical findings from SNOMED CT - provided as an exemplar value set.","StructureDefinition/mii-pr-seltene-therapieempfehlung-nicht-medikamentoes,StructureDefinition/mii-pr-seltene-therapieempfehlung,StructureDefinition/mii-pr-seltene-studieneinschluss-anfrage","SCT"
http://hl7.org/fhir/ValueSet/medication-codes,4.0.1,draft,"2.16.840.1.113883.4.642.3.375",SNOMEDCTMedicationCodes,SNOMED CT Medication Codes,"This value set includes all drug or medicament substance codes and all pharmaceutical/biologic products from SNOMED CT - provided as an exemplar value set.","StructureDefinition/mii-pr-seltene-therapieempfehlung,StructureDefinition/mii-pr-seltene-therapieplan","SCT"
http://hl7.org/fhir/ValueSet/medicationrequest-category,4.0.1,draft,"2.16.840.1.113883.4.642.3.1322",medicationRequest Category Codes,Medication request  category  codes,"MedicationRequest Category Codes","StructureDefinition/mii-pr-seltene-therapieempfehlung","THO"
http://hl7.org/fhir/ValueSet/medicationrequest-course-of-therapy,4.0.1,draft,"2.16.840.1.113883.4.642.3.1326",medicationRequest Course of Therapy Codes,Medication request  course of  therapy  codes,"MedicationRequest Course of Therapy Codes","StructureDefinition/mii-pr-seltene-therapieempfehlung","THO"
http://hl7.org/fhir/ValueSet/medicationrequest-intent,4.0.1,draft,"2.16.840.1.113883.4.642.3.1321",medicationRequest Intent,Medication request  intent,"MedicationRequest Intent Codes","StructureDefinition/mii-pr-seltene-therapieempfehlung","hl7.fhir.r4.core"
http://hl7.org/fhir/ValueSet/medicationrequest-status,4.0.1,draft,"2.16.840.1.113883.4.642.3.1320",medicationrequest Status,Medicationrequest  status,"MedicationRequest Status Codes","StructureDefinition/mii-pr-seltene-therapieempfehlung","hl7.fhir.r4.core"
http://hl7.org/fhir/ValueSet/medicationrequest-status-reason,4.0.1,draft,"2.16.840.1.113883.4.642.3.1324",medicationRequest Status Reason Codes,Medication request  status  reason  codes,"MedicationRequest Status Reason Codes","StructureDefinition/mii-pr-seltene-therapieempfehlung","THO"
http://hl7.org/fhir/ValueSet/observation-category,4.0.1,draft,"2.16.840.1.113883.4.642.3.403",ObservationCategoryCodes,Observation Category Codes,"Observation Category codes.","StructureDefinition/mii-pr-seltene-gestationsalter,StructureDefinition/mii-pr-seltene-geburtslaenge,StructureDefinition/mii-pr-seltene-hueftumfang,StructureDefinition/mii-pr-seltene-hpo-assessment,StructureDefinition/mii-pr-seltene-taillenumfang,StructureDefinition/mii-pr-seltene-kopfumfang,StructureDefinition/mii-pr-seltene-bodymassindex,StructureDefinition/mii-pr-seltene-geburtsgewicht,StructureDefinition/mii-pr-seltene-icf-assessment,StructureDefinition/mii-pr-seltene-consanguinity,StructureDefinition/mii-pr-seltene-blutgruppe","THO"
http://hl7.org/fhir/ValueSet/observation-codes,4.0.1,draft,"2.16.840.1.113883.4.642.3.396",LOINCCodes,LOINC Codes,"This value set includes all LOINC codes","StructureDefinition/mii-pr-seltene-gestationsalter,StructureDefinition/mii-pr-seltene-geburtslaenge,StructureDefinition/mii-pr-seltene-hueftumfang,StructureDefinition/mii-pr-seltene-hpo-assessment,StructureDefinition/mii-pr-seltene-taillenumfang,StructureDefinition/mii-pr-seltene-kopfumfang,StructureDefinition/mii-pr-seltene-bodymassindex,StructureDefinition/mii-pr-seltene-geburtsgewicht,StructureDefinition/mii-pr-seltene-icf-assessment,StructureDefinition/mii-pr-seltene-consanguinity,StructureDefinition/mii-pr-seltene-blutgruppe","LOINC"
http://hl7.org/fhir/ValueSet/observation-interpretation,4.0.1,active,"2.16.840.1.113883.4.642.3.399",ObservationInterpretationCodes,Observation Interpretation Codes,"A categorical assessment, providing a rough qualitative interpretation of the observation value,    such as “normal”/ “abnormal”,”low” / “high”, “better” / “worse”, “susceptible” / “resistant”, “expected”/ “not expected”.    The value set is intended to be for ANY use where coded representation of an interpretation is needed.             Notes:          This is being communicated in v2.x in OBX-8 (Observation Interpretation), in v3 in ObservationInterpretation (CWE) in R1 (Representative Realm) and in FHIR in    Observation.interpretation. Historically these values come from the laboratory domain, and these codes are extensively    used. The value set binding is extensible, so codes outside the value set that are needed for interpretation concepts    (i.e. particular meanings) that are not included in the value set can be used, and these new codes may also be added to    the value set and published in a future version.","StructureDefinition/mii-pr-seltene-gestationsalter,StructureDefinition/mii-pr-seltene-geburtslaenge,StructureDefinition/mii-pr-seltene-hueftumfang,StructureDefinition/mii-pr-seltene-hpo-assessment,StructureDefinition/mii-pr-seltene-taillenumfang,StructureDefinition/mii-pr-seltene-kopfumfang,StructureDefinition/mii-pr-seltene-bodymassindex,StructureDefinition/mii-pr-seltene-geburtsgewicht,StructureDefinition/mii-pr-seltene-icf-assessment,StructureDefinition/mii-pr-seltene-consanguinity,StructureDefinition/mii-pr-seltene-blutgruppe","THO (V3)"
http://hl7.org/fhir/ValueSet/observation-methods,4.0.1,draft,"2.16.840.1.113883.4.642.3.395",ObservationMethods,Observation Methods,"Observation Method codes from [SNOMED CT](http://snomed.info/sct) where concept is-a 272394005 (Technique (qualifier value)) or is-a 129264002 (Action (qualifier value)) or is-a 386053000 (Evaluation procedure(procedure))","StructureDefinition/mii-pr-seltene-gestationsalter,StructureDefinition/mii-pr-seltene-geburtslaenge,StructureDefinition/mii-pr-seltene-hueftumfang,StructureDefinition/mii-pr-seltene-hpo-assessment,StructureDefinition/mii-pr-seltene-taillenumfang,StructureDefinition/mii-pr-seltene-kopfumfang,StructureDefinition/mii-pr-seltene-bodymassindex,StructureDefinition/mii-pr-seltene-geburtsgewicht,StructureDefinition/mii-pr-seltene-icf-assessment,StructureDefinition/mii-pr-seltene-consanguinity,StructureDefinition/mii-pr-seltene-blutgruppe","SCT"
http://hl7.org/fhir/ValueSet/observation-status,4.0.1,active,"2.16.840.1.113883.4.642.3.400",ObservationStatus,ObservationStatus,"Codes providing the status of an observation.","StructureDefinition/mii-pr-seltene-gestationsalter,StructureDefinition/mii-pr-seltene-geburtslaenge,StructureDefinition/mii-pr-seltene-hueftumfang,StructureDefinition/mii-pr-seltene-hpo-assessment,StructureDefinition/mii-pr-seltene-taillenumfang,StructureDefinition/mii-pr-seltene-kopfumfang,StructureDefinition/mii-pr-seltene-bodymassindex,StructureDefinition/mii-pr-seltene-geburtsgewicht,StructureDefinition/mii-pr-seltene-icf-assessment,StructureDefinition/mii-pr-seltene-consanguinity,StructureDefinition/mii-pr-seltene-blutgruppe","hl7.fhir.r4.core"
http://hl7.org/fhir/ValueSet/participant-role,4.0.1,draft,"2.16.840.1.113883.4.642.3.152",ParticipantRoles,Participant Roles,"Roles of participants that may be included in a care team.  Defined as: Is a Person, Healthcare professional (occupation) or Healthcare related organization (qualifier value).","StructureDefinition/mii-pr-seltene-therapieempfehlung-nicht-medikamentoes,StructureDefinition/mii-pr-seltene-studieneinschluss-anfrage","SCT"
http://hl7.org/fhir/ValueSet/performer-role,4.0.1,draft,"2.16.840.1.113883.4.642.3.433",ProcedurePerformerRoleCodes,Procedure Performer Role Codes,"This example value set defines the set of codes that can be used to indicate a role of a procedure performer.","StructureDefinition/mii-pr-seltene-therapieempfehlung,StructureDefinition/mii-pr-seltene-therapie-durchgefuehrt","SCT"
http://hl7.org/fhir/ValueSet/procedure-category,4.0.1,draft,"2.16.840.1.113883.4.642.3.430",ProcedureCategoryCodes(SNOMEDCT),Procedure Category Codes (SNOMED CT),"Procedure Category code: A selection of relevant SNOMED CT codes.","StructureDefinition/mii-pr-seltene-therapie-durchgefuehrt","SCT"
http://hl7.org/fhir/ValueSet/procedure-code,4.0.1,draft,"2.16.840.1.113883.4.642.3.427",ProcedureCodes(SNOMEDCT),Procedure Codes (SNOMED CT),"Procedure Code: All SNOMED CT procedure codes.","StructureDefinition/mii-pr-seltene-therapieempfehlung-nicht-medikamentoes,StructureDefinition/mii-pr-seltene-studieneinschluss-anfrage,StructureDefinition/mii-pr-seltene-therapieplan","SCT"
http://hl7.org/fhir/ValueSet/procedure-followup,4.0.1,draft,"2.16.840.1.113883.4.642.3.429",ProcedureFollowUpCodes(SNOMEDCT),Procedure Follow up Codes (SNOMED CT),"Procedure follow up codes: A selection of SNOMED CT codes relevant to procedure follow up.","StructureDefinition/mii-pr-seltene-therapie-durchgefuehrt","SCT"
http://hl7.org/fhir/ValueSet/procedure-not-performed-reason,4.0.1,active,"2.16.840.1.113883.4.642.3.431",ProcedureNotPerformedReason(SNOMED-CT),Procedure Not Performed Reason (SNOMED-CT),"Situation codes describing the reason that a procedure, which might otherwise be expected, was not performed, or a procedure that was started and was not completed. Consists of SNOMED CT codes, children of procedure contraindicated (183932001), procedure discontinued (416406003), procedure not done (416237000), procedure not indicated (428119001), procedure not offered (416064006), procedure not wanted (416432009), procedure refused (183944003), and procedure stopped (394908001).","StructureDefinition/mii-pr-seltene-therapie-durchgefuehrt","SCT"
http://hl7.org/fhir/ValueSet/procedure-outcome,4.0.1,draft,"2.16.840.1.113883.4.642.3.428",ProcedureOutcomeCodes(SNOMEDCT),Procedure Outcome Codes (SNOMED CT),"Procedure Outcome code: A selection of relevant SNOMED CT codes.","StructureDefinition/mii-pr-seltene-therapie-durchgefuehrt","SCT"
http://hl7.org/fhir/ValueSet/procedure-reason,4.0.1,draft,"2.16.840.1.113883.4.642.3.432",ProcedureReasonCodes,Procedure Reason Codes,"This example value set defines the set of codes that can be used to indicate a reason for a procedure.","StructureDefinition/mii-pr-seltene-therapieempfehlung-nicht-medikamentoes,StructureDefinition/mii-pr-seltene-therapie-durchgefuehrt,StructureDefinition/mii-pr-seltene-studieneinschluss-anfrage","SCT"
http://hl7.org/fhir/ValueSet/quantity-comparator,4.0.1,active,"2.16.840.1.113883.4.642.3.59",QuantityComparator,QuantityComparator,"How the Quantity should be understood and represented.","StructureDefinition/mii-pr-seltene-clinical-diagnosis,StructureDefinition/mii-pr-seltene-gestationsalter,StructureDefinition/mii-pr-seltene-geburtslaenge,StructureDefinition/mii-pr-seltene-therapieempfehlung,StructureDefinition/mii-pr-seltene-hueftumfang,StructureDefinition/mii-pr-seltene-taillenumfang,StructureDefinition/mii-ex-seltene-penetrance,StructureDefinition/mii-pr-seltene-kopfumfang,StructureDefinition/mii-pr-seltene-genetic-diagnosis,StructureDefinition/mii-pr-seltene-bodymassindex,StructureDefinition/mii-pr-seltene-geburtsgewicht","hl7.fhir.r4.core"
http://hl7.org/fhir/ValueSet/referencerange-appliesto,4.0.1,draft,"2.16.840.1.113883.4.642.3.407",ObservationReferenceRangeAppliesToCodes,Observation Reference Range Applies To Codes,"This value set defines a set of codes that can be used to indicate the particular target population the reference range applies to.","StructureDefinition/mii-pr-seltene-gestationsalter,StructureDefinition/mii-pr-seltene-geburtslaenge,StructureDefinition/mii-pr-seltene-hueftumfang,StructureDefinition/mii-pr-seltene-hpo-assessment,StructureDefinition/mii-pr-seltene-taillenumfang,StructureDefinition/mii-pr-seltene-kopfumfang,StructureDefinition/mii-pr-seltene-bodymassindex,StructureDefinition/mii-pr-seltene-geburtsgewicht,StructureDefinition/mii-pr-seltene-icf-assessment,StructureDefinition/mii-pr-seltene-consanguinity,StructureDefinition/mii-pr-seltene-blutgruppe","SCT"
http://hl7.org/fhir/ValueSet/referencerange-meaning,4.0.1,draft,"2.16.840.1.113883.4.642.3.397",ObservationReferenceRangeMeaningCodes,Observation Reference Range Meaning Codes,"This value set defines a set of codes that can be used to indicate the meaning/use of a reference range for a particular target population.","StructureDefinition/mii-pr-seltene-gestationsalter,StructureDefinition/mii-pr-seltene-geburtslaenge,StructureDefinition/mii-pr-seltene-hueftumfang,StructureDefinition/mii-pr-seltene-hpo-assessment,StructureDefinition/mii-pr-seltene-taillenumfang,StructureDefinition/mii-pr-seltene-kopfumfang,StructureDefinition/mii-pr-seltene-bodymassindex,StructureDefinition/mii-pr-seltene-geburtsgewicht,StructureDefinition/mii-pr-seltene-icf-assessment,StructureDefinition/mii-pr-seltene-consanguinity,StructureDefinition/mii-pr-seltene-blutgruppe","THO"
http://hl7.org/fhir/ValueSet/request-intent,4.0.1,draft,"2.16.840.1.113883.4.642.3.113",RequestIntent,RequestIntent,"Codes indicating the degree of authority/intentionality associated with a request.","StructureDefinition/mii-pr-seltene-therapieempfehlung-nicht-medikamentoes,StructureDefinition/mii-pr-seltene-studieneinschluss-anfrage,StructureDefinition/mii-pr-seltene-therapieempfehlung-kombination","hl7.fhir.r4.core"
http://hl7.org/fhir/ValueSet/request-priority,4.0.1,draft,"2.16.840.1.113883.4.642.3.115",RequestPriority,Request priority,"The clinical priority of a diagnostic order.","StructureDefinition/mii-pr-seltene-therapieempfehlung-nicht-medikamentoes,StructureDefinition/mii-pr-seltene-therapieempfehlung,StructureDefinition/mii-pr-seltene-studieneinschluss-anfrage,StructureDefinition/mii-pr-seltene-therapieempfehlung-kombination","hl7.fhir.r4.core"
http://hl7.org/fhir/ValueSet/request-status,4.0.1,draft,"2.16.840.1.113883.4.642.3.111",RequestStatus,RequestStatus,"Codes identifying the lifecycle stage of a request.","StructureDefinition/mii-pr-seltene-therapieempfehlung-nicht-medikamentoes,StructureDefinition/mii-pr-seltene-studieneinschluss-anfrage,StructureDefinition/mii-pr-seltene-therapieempfehlung-kombination,StructureDefinition/mii-pr-seltene-therapieplan","hl7.fhir.r4.core"
http://hl7.org/fhir/ValueSet/research-subject-status,4.0.1,draft,"2.16.840.1.113883.4.642.3.829",ResearchSubjectStatus,ResearchSubjectStatus,"Indicates the progression of a study subject through a study.","StructureDefinition/mii-pr-seltene-registerteilnahme","hl7.fhir.r4.core"
http://hl7.org/fhir/ValueSet/resource-types,4.0.1,active,"2.16.840.1.113883.4.642.3.27",ResourceType,ResourceType,"One of the resource types defined as part of this version of FHIR.","StructureDefinition/mii-pr-seltene-clinical-diagnosis,StructureDefinition/mii-pr-seltene-genetic-diagnosis","hl7.fhir.r4.core"
http://hl7.org/fhir/ValueSet/route-codes,4.0.1,draft,"2.16.840.1.113883.4.642.3.98",SNOMEDCTRouteCodes,SNOMED CT Route Codes,"This value set includes all Route codes from SNOMED CT - provided as an exemplar.","StructureDefinition/mii-pr-seltene-therapieempfehlung","SCT"
http://hl7.org/fhir/ValueSet/security-labels,4.0.1,active,"2.16.840.1.113883.4.642.3.47",All Security Labels,SecurityLabels,"A single value set for all security labels defined by FHIR.","StructureDefinition/mii-pr-seltene-clinical-diagnosis,StructureDefinition/mii-pr-seltene-gestationsalter,StructureDefinition/mii-pr-seltene-geburtslaenge,StructureDefinition/mii-pr-seltene-therapieempfehlung,StructureDefinition/mii-pr-seltene-genetic-diagnosis,StructureDefinition/mii-pr-seltene-geburtsgewicht,StructureDefinition/mii-pr-seltene-icf-assessment,StructureDefinition/mii-pr-seltene-consanguinity,StructureDefinition/mii-pr-seltene-blutgruppe",
http://hl7.org/fhir/ValueSet/servicerequest-category,4.0.1,draft,"2.16.840.1.113883.4.642.3.434",ServiceRequestCategoryCodes,Service Request Category Codes,"An example value set of SNOMED CT concepts that can classify a requested service","StructureDefinition/mii-pr-seltene-therapieempfehlung-nicht-medikamentoes,StructureDefinition/mii-pr-seltene-studieneinschluss-anfrage","SCT"
http://hl7.org/fhir/ValueSet/servicerequest-orderdetail,4.0.1,draft,"2.16.840.1.113883.4.642.3.435",ServiceRequestOrderDetailsCodes,Service Request Order Details Codes,"An example value set of Codified order entry details concepts.  These concepts only make sense in the context of what is being ordered.  This example is for a patient ventilation order","StructureDefinition/mii-pr-seltene-therapieempfehlung-nicht-medikamentoes,StructureDefinition/mii-pr-seltene-studieneinschluss-anfrage","SCT"
http://hl7.org/fhir/ValueSet/timing-abbreviation,4.0.1,draft,"2.16.840.1.113883.4.642.3.78",TimingAbbreviation,TimingAbbreviation,"Code for a known / defined timing pattern.","StructureDefinition/mii-pr-seltene-therapieempfehlung","THO (V3)"
http://hl7.org/fhir/ValueSet/units-of-time,4.0.1,active,"2.16.840.1.113883.4.642.3.77",UnitsOfTime,UnitsOfTime,"A unit of time (units from UCUM).","StructureDefinition/mii-pr-seltene-therapieempfehlung","UCUM"
http://hl7.org/fhir/uv/ips/ValueSet/medicine-route-of-administration,2.0.0,active,,MedicineRouteOfAdministrationUvIps,Medicine EDQM Route of Administration - IPS,"While SNOMED remains a preferred binding for medicine route, EDQM (European Directorate for the Quality of Medicines and Healthcare) route of administration codes are allowed as additional binding.   EDQM (European Directorate for the Quality of Medicines and Healthcare) Route of Administration codes.  This Value Set includes all the EDQM Standard Terms having:   [Concept Status] = ‘C’ AND   [Concept Class] = 'ROA' AND   [Domain] = 'H+V'    C = 'Current'; ROA = 'Route of administration'; H+V = 'Human and Veterinary'","StructureDefinition/mii-pr-seltene-therapieempfehlung","Other"
http://hl7.org/fhir/uv/ips/ValueSet/target-site-uv-ips,1.1.0,active,,TargetSiteUvIps,Target Site - IPS,"This value set includes codes from SNOMED Clinical Terms®: all descendants of 442083009 | Anatomical or acquired body structure (body structure)|.","StructureDefinition/mii-pr-seltene-therapieempfehlung","SCT"
http://ig.fhir.de/igs/medication/ValueSet/DosageDoseQuantityDE,1.0.0,active,,DosageDoseQuantityDEVS,Dosage DoseQuantity ValueSet,"Diese ValueSet enthält Konzepte für die Dosierungseinheit in der Dosiermenge.","StructureDefinition/mii-pr-seltene-therapieempfehlung","UCUM,Other"
http://terminology.hl7.org/ValueSet/v3-ActSubstanceAdminSubstitutionCode,3.0.0,active,"2.16.840.1.113883.1.11.16621",ActSubstanceAdminSubstitutionCode,ActSubstanceAdminSubstitutionCode,"***No description***","StructureDefinition/mii-pr-seltene-therapieempfehlung","THO (V3)"
http://terminology.hl7.org/ValueSet/v3-FamilyMember,3.0.0,active,"2.16.840.1.113883.1.11.19579",FamilyMember,FamilyMember,"A relationship between two people characterizing their ""familial"" relationship","StructureDefinition/mii-pr-seltene-familienanamnese","THO (V3)"
http://terminology.hl7.org/ValueSet/v3-PersonalRelationshipRoleType,3.0.0,active,"2.16.840.1.113883.1.11.19563",PersonalRelationshipRoleType,PersonalRelationshipRoleType,"Types of personal relationships between two living subjects.    *Example:*Parent, sibling, unrelated friend, neighbor","StructureDefinition/mii-pr-seltene-familienanamnese","THO (V3)"
http://terminology.hl7.org/ValueSet/v3-ServiceDeliveryLocationRoleType,3.0.0,active,"2.16.840.1.113883.1.11.17660",ServiceDeliveryLocationRoleType,ServiceDeliveryLocationRoleType,"A role of a place that further classifies the setting (e.g., accident site, road side, work site, community location) in which services are delivered.","StructureDefinition/mii-pr-seltene-therapieempfehlung-nicht-medikamentoes,StructureDefinition/mii-pr-seltene-studieneinschluss-anfrage","THO (V3)"
http://terminology.hl7.org/ValueSet/v3-SubstanceAdminSubstitutionReason,3.0.0,active,"2.16.840.1.113883.1.11.19377",SubstanceAdminSubstitutionReason,SubstanceAdminSubstitutionReason,"***No description***","StructureDefinition/mii-pr-seltene-therapieempfehlung","THO (V3)"
https://fhir.kbv.de/ValueSet/KBV_VS_SFHIR_ICD_DIAGNOSESICHERHEIT,1.00,active,,KBV_VS_SFHIR_ICD_DIAGNOSESICHERHEIT,KBV_VS_SFHIR_ICD_DIAGNOSESICHERHEIT,"Das Valueset enthält alle Codes aus dem Codesystem https://fhir.kbv.de/CodeSystem/KBV_CS_SFHIR_ICD_DIAGNOSESICHERHEIT","StructureDefinition/mii-pr-seltene-clinical-diagnosis,StructureDefinition/mii-pr-seltene-genetic-diagnosis","Other"
https://fhir.kbv.de/ValueSet/KBV_VS_SFHIR_ICD_SEITENLOKALISATION,1.00,active,,KBV_VS_SFHIR_ICD_SEITENLOKALISATION,KBV_VS_SFHIR_ICD_SEITENLOKALISATION,"Das Valueset enthält alle Codes aus dem Codesystem https://fhir.kbv.de/CodeSystem/KBV_CS_SFHIR_ICD_SEITENLOKALISATION","StructureDefinition/mii-pr-seltene-clinical-diagnosis,StructureDefinition/mii-pr-seltene-genetic-diagnosis","Other"
https://www.medizininformatik-initiative.de/fhir/core/modul-diagnose/ValueSet/diagnoses-sct,2027.0.0-ballot.rc1,active,,MII_VS_Diagnose_DiagnoseCodes_SNOMED,MII VS Diagnose Diagnose-Codes SNOMED,"Enthaelt alle SNOMED Clinical finding, Event und Situation with explicit context codes","StructureDefinition/mii-pr-seltene-clinical-diagnosis,StructureDefinition/mii-pr-seltene-genetic-diagnosis,StructureDefinition/mii-pr-seltene-familienanamnese","SCT"
https://www.medizininformatik-initiative.de/fhir/core/modul-diagnose/ValueSet/mii-vs-diagnose-alphaid,2027.0.0-ballot.rc1,active,,MII_VS_Diagnose_AlphaID,MII VS Diagnose Alpha-ID,"Enthaelt Alpha-ID-Codes der Versionen 2018 bis 2025","StructureDefinition/mii-pr-seltene-clinical-diagnosis,StructureDefinition/mii-pr-seltene-genetic-diagnosis,StructureDefinition/mii-pr-seltene-familienanamnese","de.basisprofil.r4"
https://www.medizininformatik-initiative.de/fhir/core/modul-diagnose/ValueSet/mii-vs-diagnose-bodystructure-snomed,2027.0.0-ballot.rc1,active,,MII_VS_Diagnose_BodyStructure_SNOMED,MII VS Diagnose BodyStructure SNOMED,"Enthaelt alle SNOMED Body structure codes","StructureDefinition/mii-pr-seltene-clinical-diagnosis,StructureDefinition/mii-pr-seltene-genetic-diagnosis","SCT"
https://www.medizininformatik-initiative.de/fhir/core/modul-diagnose/ValueSet/mii-vs-diagnose-icd10gm,2027.0.0-ballot.rc1,active,,MII_VS_Diagnose_ICD10GM,MII VS Diagnose ICD-10-GM,"Enthaelt ICD-10-GM-Codes der Versionen 2009 bis 2025","StructureDefinition/mii-pr-seltene-clinical-diagnosis,StructureDefinition/mii-pr-seltene-genetic-diagnosis,StructureDefinition/mii-pr-seltene-familienanamnese","de.basisprofil.r4"
https://www.medizininformatik-initiative.de/fhir/core/modul-diagnose/ValueSet/mii-vs-diagnose-orphanet,2027.0.0-ballot.rc1,active,,MII_VS_Diagnose_Orphanet,MII VS Diagnose Orphanet,"Enthaelt alle Orpha-Kennnummern (ORPHAcodes)","StructureDefinition/mii-pr-seltene-clinical-diagnosis,StructureDefinition/mii-pr-seltene-genetic-diagnosis,StructureDefinition/mii-pr-seltene-familienanamnese","Other"
https://www.medizininformatik-initiative.de/fhir/core/modul-medikation/ValueSet/mii-vs-medikation-atc,2026.0.1,active,,MII_VS_Medikation_ATC,MII VS Medikation ATC,"Enthaelt ATC-Codes der Versionen 2018 bis 2024","StructureDefinition/mii-pr-seltene-therapieempfehlung","de.basisprofil.r4"
https://www.medizininformatik-initiative.de/fhir/ext/modul-molgen/ValueSet/mii-vs-molgen-family-member-snomed,2026.0.4,active,,MII_VS_MolGen_FamilyMember_SNOMED,MII VS MolGen Family Member SNOMED,"The ValueSet contains codes for related family member types from SNOMED CT.","StructureDefinition/mii-pr-seltene-familienanamnese","SCT"
https://www.medizininformatik-initiative.de/fhir/ext/modul-seltene/ValueSet/mii-vs-seltene-blutgruppe,2027.0.0-ballot,active,,MII_VS_Seltene_Blutgruppe,MII VS SE Blutgruppe,"ValueSet für Blutgruppen (AB0 und Rhesusfaktor) basierend auf LOINC Answer List für 882-1","StructureDefinition/mii-pr-seltene-blutgruppe","SCT,LOINC"
https://www.medizininformatik-initiative.de/fhir/ext/modul-seltene/ValueSet/mii-vs-seltene-clinical-diagnosis-category,2027.0.0-ballot,retired,,ClinicalDiagnosisCategoryVS,MII VS SE Clinical Diagnosis Category (retired),"RETIRED. Nicht verwenden. Das ValueSet war zur Kategorisierung klinischer Diagnosen gedacht, beantwortet aber die falsche Frage: Condition.category bezeichnet in FHIR die Rolle der Condition im Datensatz, nicht die Art der Krankheit. Die Krankheitsart gehoert in Condition.code.",,"SCT"
https://www.medizininformatik-initiative.de/fhir/ext/modul-seltene/ValueSet/mii-vs-seltene-consanguinity,2027.0.0-ballot,active,,MII_VS_Seltene_Consanguinity,MII VS Seltene Erkrankungen Consanguinity,"ValueSet zur Angabe der Blutsverwandtschaft der Eltern (Consanguinity): Ja / Nein / Unbekannt / Nicht erfasst (SNOMED CT), entsprechend dem Consanguinity Value Set aus RD-CDM v2.0.0.","StructureDefinition/mii-pr-seltene-consanguinity","SCT"
https://www.medizininformatik-initiative.de/fhir/ext/modul-seltene/ValueSet/mii-vs-seltene-empfehlung-status-begruendung,2027.0.0-ballot,active,,MII_VS_Seltene_Empfehlung_StatusBegruendung,MII VS SE Empfehlung Status Begründung,"ValueSet für Begründung bei fehlender Empfehlung","StructureDefinition/mii-pr-seltene-therapieplan","Internal"
https://www.medizininformatik-initiative.de/fhir/ext/modul-seltene/ValueSet/mii-vs-seltene-genetic-basis,2027.0.0-ballot,retired,,GeneticBasisValueSet,MII VS SE Genetic Basis (retired),"RETIRED. Nicht verwenden. Acht der neun enthaltenen SNOMED-Codes bezeichnen etwas anderes als ihr Display behauptet oder existieren nicht; das ValueSet muss neu erstellt werden.",,"SCT"
https://www.medizininformatik-initiative.de/fhir/ext/modul-seltene/ValueSet/mii-vs-seltene-hpo-age-of-onset,2027.0.0-ballot,active,,HPOAgeOfOnsetValueSet,MII VS SE HPO Age of Onset,"Value set containing HPO terms for age of onset of diseases",,"hl7.terminology.r4"
https://www.medizininformatik-initiative.de/fhir/ext/modul-seltene/ValueSet/mii-vs-seltene-hpo-change-status,2027.0.0-ballot,active,,MII_VS_Seltene_HPO_ChangeStatus,MII VS Seltene Erkrankungen HPO Change Status,"ValueSet für Änderungsstatus von HPO-Phänotypen gemäß Modellvorhaben Genomsequenzierung",,"Internal"
https://www.medizininformatik-initiative.de/fhir/ext/modul-seltene/ValueSet/mii-vs-seltene-hpo-inheritance-pattern,2027.0.0-ballot,active,,HPOInheritancePatternValueSet,MII VS SE HPO Inheritance Pattern,"Value set containing HPO terms for modes of inheritance",,"hl7.terminology.r4"
https://www.medizininformatik-initiative.de/fhir/ext/modul-seltene/ValueSet/mii-vs-seltene-hpo-phenotypic-observation-codes,2027.0.0-ballot,active,,HPOPhenotypicObservationCodes,HPO Phenotypic Observation Codes,"Human Phenotype Ontology codes for phenotypic observations","StructureDefinition/mii-pr-seltene-symptom-condition,StructureDefinition/mii-pr-seltene-clinical-diagnosis,StructureDefinition/mii-pr-seltene-hpo-assessment,StructureDefinition/mii-pr-seltene-clinical-impression","hl7.terminology.r4"
https://www.medizininformatik-initiative.de/fhir/ext/modul-seltene/ValueSet/mii-vs-seltene-hpo-presence-status,2027.0.0-ballot,active,,HPOPresenceStatus,HPO Phenotype Presence Status,"LOINC codes for indicating presence or absence of phenotypic features. Follows HL7 Phenomics IG pattern.","StructureDefinition/mii-pr-seltene-hpo-assessment","LOINC"
https://www.medizininformatik-initiative.de/fhir/ext/modul-seltene/ValueSet/mii-vs-seltene-hpo-severity,2027.0.0-ballot,active,,HPOSeverity,HPO Severity,"HPO codes for describing severity of phenotypic abnormalities. Follows HL7 Phenomics IG component pattern.","StructureDefinition/mii-pr-seltene-symptom-condition,StructureDefinition/mii-pr-seltene-hpo-assessment","hl7.terminology.r4"
https://www.medizininformatik-initiative.de/fhir/ext/modul-seltene/ValueSet/mii-vs-seltene-icf,2027.0.0-ballot,active,,MII_VS_Seltene_ICF,MII VS SE ICF Categories,"All categories of the WHO International Classification of Functioning, Disability and Health. Defined intensionally over the whole classification rather than enumerated: which categories are relevant depends entirely on the disease, and any curated subset would be wrong for the next rare disease. German display text comes from the BfArM language supplement, so the value set does not need a German twin.","StructureDefinition/mii-pr-seltene-icf-assessment","hl7.terminology.r4"
https://www.medizininformatik-initiative.de/fhir/ext/modul-seltene/ValueSet/mii-vs-seltene-icf-beurteilungsmerkmal,2027.0.0-ballot,active,,MII_VS_Seltene_ICFBeurteilungsmerkmal,MII VS SE ICF Qualifier Kind,"All qualifier kinds usable as a component code in the ICF assessment profile.",,"Internal"
https://www.medizininformatik-initiative.de/fhir/ext/modul-seltene/ValueSet/mii-vs-seltene-narse-therapietyp,2027.0.0-ballot,active,,MII_VS_Seltene_NARSE_Therapietyp,MII VS Seltene Erkrankungen NARSE Therapietyp,"ValueSet für NARSE-spezifische Therapietypen bei Seltenen Erkrankungen","StructureDefinition/mii-pr-seltene-therapie-durchgefuehrt","Internal"
https://www.medizininformatik-initiative.de/fhir/ext/modul-seltene/ValueSet/mii-vs-seltene-nbs-acylcarnitine-dbs,2027.0.0-ballot,active,,MII_VS_Seltene_NBS_Acylcarnitine_DBS,MII VS Seltene Erkrankungen NBS Acylcarnitine (Trockenblut),"Acylcarnitin- und Carnitin-Analyte in Trockenblut (dried blood spot) — die Messgrößen des MS/MS-Acylcarnitinprofils im Neugeborenenscreening (Fettsäureoxidationsstörungen, Organoazidopathien, Carnitinzyklusdefekte). Abgeleitet aus der LOINC-SNOMED-Ontologie und deshalb NICHT vollständig gegenüber LOINC: enthalten ist der nach SNOMED gemappte Teil. Für die lückenlose Menge siehe mii-vs-seltene-nbs-dbs-all.",,"LOINC"
https://www.medizininformatik-initiative.de/fhir/ext/modul-seltene/ValueSet/mii-vs-seltene-nbs-aminoacid-dbs,2027.0.0-ballot,active,,MII_VS_Seltene_NBS_AminoAcid_DBS,MII VS Seltene Erkrankungen NBS Aminosäuren (Trockenblut),"Aminosäure-Analyte in Trockenblut — die Messgrößen des MS/MS-Aminosäureprofils im Neugeborenenscreening (Phenylketonurie, Ahornsirupkrankheit, Homocystinurie, Tyrosinämie, Harnstoffzyklusdefekte). Abgeleitet aus der LOINC-SNOMED-Ontologie und deshalb NICHT vollständig gegenüber LOINC; für die lückenlose Menge siehe mii-vs-seltene-nbs-dbs-all.",,"LOINC"
https://www.medizininformatik-initiative.de/fhir/ext/modul-seltene/ValueSet/mii-vs-seltene-nbs-dbs-all,2027.0.0-ballot,active,,MII_VS_Seltene_NBS_DBS_All,MII VS Seltene Erkrankungen NBS alle Trockenblut-Analyte (LOINC),"Alle LOINC-Codes, deren Untersuchungsmaterial Trockenblut (dried blood spot) ist — intensional über die LOINC-Eigenschaft SYSTEM definiert und damit vollständig. Enthält Analyte, Quotienten, Panels und Interpretationscodes nebeneinander sowie Analytik ausserhalb des Neugeborenenscreenings; für klinisch abgegrenzte Teilmengen dienen die gruppierten ValueSets mii-vs-seltene-nbs-*-dbs.",,"LOINC"
https://www.medizininformatik-initiative.de/fhir/ext/modul-seltene/ValueSet/mii-vs-seltene-nbs-enzyme-activity-dbs,2027.0.0-ballot,active,,MII_VS_Seltene_NBS_EnzymeActivity_DBS,MII VS Seltene Erkrankungen NBS Enzymaktivitäten (Trockenblut),"Enzymaktivitäten (katalytische Konzentration), die in Trockenblut bestimmt werden — u. a. Biotinidase und Galaktose-Enzyme des deutschen Neugeborenenscreenings sowie die Enzyme lysosomaler Speicherkrankheiten, die international gescreent werden.",,"LOINC"
https://www.medizininformatik-initiative.de/fhir/ext/modul-seltene/ValueSet/mii-vs-seltene-nbs-hemoglobin-dbs,2027.0.0-ballot,active,,MII_VS_Seltene_NBS_Hemoglobin_DBS,MII VS Seltene Erkrankungen NBS Hämoglobin-Fraktionen (Trockenblut),"Hämoglobin-Fraktionen in Trockenblut, bezogen auf das Gesamthämoglobin — die Messgrößen des Screenings auf Sichelzellkrankheit und weitere Hämoglobinopathien. Abgeleitet aus der LOINC-SNOMED-Ontologie und deshalb deutlich unvollständig gegenüber LOINC (rund ein Drittel der DBS-Hämoglobin-Codes); für die lückenlose Menge siehe mii-vs-seltene-nbs-dbs-all.",,"LOINC"
https://www.medizininformatik-initiative.de/fhir/ext/modul-seltene/ValueSet/mii-vs-seltene-nbs-ratio-dbs,2027.0.0-ballot,active,,MII_VS_Seltene_NBS_Ratio_DBS,MII VS Seltene Erkrankungen NBS Quotienten (Trockenblut),"Diagnostische Quotienten aus Trockenblut-Analyten. Im Neugeborenenscreening tragen die Verhältnisse (z. B. C3/C2, Phe/Tyr) einen großen Teil der diagnostischen Trennschärfe, weil sie von der Probenqualität weniger abhängen als Einzelwerte.",,"LOINC"
https://www.medizininformatik-initiative.de/fhir/ext/modul-seltene/ValueSet/mii-vs-seltene-nbs-target-analyte,2027.0.0-ballot,active,,MII_VS_Seltene_NBS_TargetAnalyte,MII VS Seltene Erkrankungen NBS Leitanalyten der Zielkrankheiten,"Leitanalyten der Zielkrankheiten des deutschen Neugeborenenscreenings nach G-BA Kinder-Richtlinie § 17 Abs. 1 (20 Zielkrankheiten) und § 23 ff. (Mukoviszidose). Je Zielkrankheit der Analyt, über den sie im Screening erkannt wird.",,"LOINC"
https://www.medizininformatik-initiative.de/fhir/ext/modul-seltene/ValueSet/mii-vs-seltene-penetrance,2027.0.0-ballot,active,,PenetranceValueSet,MII VS SE Penetrance,"Value set for qualitative descriptions of genetic penetrance, drawn from the HPO branch Inheritance qualifier (HP:0034335). Note that the graded terms (high/moderate/low penetrance) are subtypes of incomplete penetrance, not alternatives to complete penetrance.","StructureDefinition/mii-ex-seltene-penetrance","hl7.terminology.r4"
https://www.medizininformatik-initiative.de/fhir/ext/modul-seltene/ValueSet/mii-vs-seltene-symptom-change-status-combined,2027.0.0-ballot,active,,MII_VS_Seltene_Symptom_ChangeStatus_Combined,MII VS Seltene Erkrankungen Symptom Change Status (Combined),"ValueSet zur Dokumentation von Änderungen bei Symptomen/Phänotypen über Zeit. Kombiniert MVGenomSeq-spezifische Codes mit SNOMED CT-Codes für internationale Interoperabilität.","StructureDefinition/mii-pr-seltene-hpo-assessment","SCT,Internal"
https://www.medizininformatik-initiative.de/fhir/ext/modul-seltene/ValueSet/mii-vs-seltene-syndrome-category,2027.0.0-ballot,active,,SyndromeCategoryVS,Syndrome Category Value Set,"Categories for classifying syndrome types in rare diseases",,"SCT"
https://www.medizininformatik-initiative.de/fhir/ext/modul-seltene/ValueSet/mii-vs-seltene-therapieempfehlung-strategie,2027.0.0-ballot,active,,MII_VS_Seltene_TherapieempfehlungStrategie,MII VS SE Therapieempfehlung Strategie,"ValueSet für Strategietypen von Therapieempfehlungen bei seltenen Erkrankungen (Modellvorhaben GenomSeq)",,"Internal"
https://www.medizininformatik-initiative.de/fhir/ext/modul-seltene/ValueSet/mii-vs-seltene-therapieempfehlung-strategie-medikamentoes,2027.0.0-ballot,active,,MII_VS_Seltene_TherapieempfehlungStrategieMedikamentoes,MII VS SE Therapieempfehlung Strategie - Medikamentös,"ValueSet für medikamentöse Therapiestrategien (für MedicationRequest Profile) - Verwendet für MedicationRequest-basierte Therapieempfehlungen im Kontext Modellvorhaben GenomSeq","StructureDefinition/mii-pr-seltene-therapieempfehlung","Internal"
https://www.medizininformatik-initiative.de/fhir/ext/modul-seltene/ValueSet/mii-vs-seltene-therapieempfehlung-strategie-nicht-medikamentoes,2027.0.0-ballot,active,,MII_VS_Seltene_TherapieempfehlungStrategieNichtMedikamentoes,MII VS SE Therapieempfehlung Strategie - Nicht-Medikamentös,"ValueSet für nicht-medikamentöse Therapiestrategien (für ServiceRequest Profile) - Verwendet für ServiceRequest-basierte Therapieempfehlungen im Kontext Modellvorhaben GenomSeq","StructureDefinition/mii-pr-seltene-therapieempfehlung-nicht-medikamentoes","Internal"
https://www.medizininformatik-initiative.de/fhir/ext/modul-seltene/ValueSet/mii-vs-seltene-therapieempfehlung-typ,2027.0.0-ballot,active,,MII_VS_Seltene_TherapieempfehlungTyp,MII VS SE Therapieempfehlung Typ,"ValueSet für Therapietypen (kausal/symptomatisch) bei seltenen Erkrankungen (Modellvorhaben GenomSeq)","StructureDefinition/mii-pr-seltene-therapieempfehlung-nicht-medikamentoes,StructureDefinition/mii-pr-seltene-therapieempfehlung","Internal"
https://www.medizininformatik-initiative.de/fhir/ext/modul-seltene/ValueSet/von-seltene-betroffen-vs,2027.0.0-ballot,active,,VonSEBetroffenVS,Von SE betroffen Value Set,"ValueSet zur Angabe ob ein Familienmitglied an der gleichen SE erkrankt ist. Verwendet SNOMED CT codes für internationale Interoperabilität.","StructureDefinition/mii-ex-von-se-betroffen","THO (V2),SCT"
